codigo,nombre_serie,fecha_inicio,fecha_fin,ultima_actualizacion,categoria,categoria_url,periodicidad
PM06102MA,Reservas Internacionales Netas (millones S/),2001,2024,15-05-2025,Reservas internacionales,https://estadisticas.bcrp.gob.pe/estadisticas/series/anuales/reservas-internacionales-a,Anual
PM06103MA,Reservas Internacionales Netas (millones US$),1959,2024,15-05-2025,Reservas internacionales,https://estadisticas.bcrp.gob.pe/estadisticas/series/anuales/reservas-internacionales-a,Anual
PM06104MA,Reservas Internacionales Netas - Activos (millones US$),1959,2024,15-05-2025,Reservas internacionales,https://estadisticas.bcrp.gob.pe/estadisticas/series/anuales/reservas-internacionales-a,Anual
PM06105MA,Reservas Internacionales Netas - Pasivos (millones US$),1959,2024,15-05-2025,Reservas internacionales,https://estadisticas.bcrp.gob.pe/estadisticas/series/anuales/reservas-internacionales-a,Anual
PD10006MA,Reservas Internacionales Brutas (millones US$),1959,2024,15-05-2025,Reservas internacionales,https://estadisticas.bcrp.gob.pe/estadisticas/series/anuales/reservas-internacionales-a,Anual
PD31897MA,Depósitos de Intermediarios Financieros (mill. US$),1998,2020,30-03-2022,Reservas internacionales,https://estadisticas.bcrp.gob.pe/estadisticas/series/anuales/reservas-internacionales-a,Anual
PD31898MA,Depósitos del sector público en el BCRP (mill. US$),1978,2021,02-08-2022,Reservas internacionales,https://estadisticas.bcrp.gob.pe/estadisticas/series/anuales/reservas-internacionales-a,Anual
PM05856FA,Ingresos Tributarios,1990,2024,30-05-2025,Ingresos corrientes del gobierno general (millones S/),https://estadisticas.bcrp.gob.pe/estadisticas/series/anuales/ingresos-corrientes-del-gobierno-general-mill-soles-a,Anual
PM05857FA,Ingresos Tributarios - Impuestos a los Ingresos,1990,2024,30-05-2025,Ingresos corrientes del gobierno general (millones S/),https://estadisticas.bcrp.gob.pe/estadisticas/series/anuales/ingresos-corrientes-del-gobierno-general-mill-soles-a,Anual
PM05858FA,Ingresos Tributarios - Impuestos a los Ingresos - Personas Naturales,1990,2024,30-05-2025,Ingresos corrientes del gobierno general (millones S/),https://estadisticas.bcrp.gob.pe/estadisticas/series/anuales/ingresos-corrientes-del-gobierno-general-mill-soles-a,Anual
PM05859FA,Ingresos Tributarios - Impuestos a los Ingresos - Personas Jurídicas,1990,2024,30-05-2025,Ingresos corrientes del gobierno general (millones S/),https://estadisticas.bcrp.gob.pe/estadisticas/series/anuales/ingresos-corrientes-del-gobierno-general-mill-soles-a,Anual
PM05860FA,Ingresos Tributarios - Impuestos a los Ingresos - Regularización,1990,2024,30-05-2025,Ingresos corrientes del gobierno general (millones S/),https://estadisticas.bcrp.gob.pe/estadisticas/series/anuales/ingresos-corrientes-del-gobierno-general-mill-soles-a,Anual
PM05861FA,Ingresos Tributarios - Impuestos a las Importaciones,1990,2024,30-05-2025,Ingresos corrientes del gobierno general (millones S/),https://estadisticas.bcrp.gob.pe/estadisticas/series/anuales/ingresos-corrientes-del-gobierno-general-mill-soles-a,Anual
PM05862FA,Ingresos Tributarios - IGV,1990,2024,30-05-2025,Ingresos corrientes del gobierno general (millones S/),https://estadisticas.bcrp.gob.pe/estadisticas/series/anuales/ingresos-corrientes-del-gobierno-general-mill-soles-a,Anual
PM05863FA,Ingresos Tributarios - IGV - Interno,1990,2024,30-05-2025,Ingresos corrientes del gobierno general (millones S/),https://estadisticas.bcrp.gob.pe/estadisticas/series/anuales/ingresos-corrientes-del-gobierno-general-mill-soles-a,Anual
PM05864FA,Ingresos Tributarios - IGV - Importaciones,1990,2024,30-05-2025,Ingresos corrientes del gobierno general (millones S/),https://estadisticas.bcrp.gob.pe/estadisticas/series/anuales/ingresos-corrientes-del-gobierno-general-mill-soles-a,Anual
PM05865FA,Ingresos Tributarios - ISC,1990,2024,30-05-2025,Ingresos corrientes del gobierno general (millones S/),https://estadisticas.bcrp.gob.pe/estadisticas/series/anuales/ingresos-corrientes-del-gobierno-general-mill-soles-a,Anual
PM05866FA,Ingresos Tributarios - ISC - Combustibles,1990,2024,30-05-2025,Ingresos corrientes del gobierno general (millones S/),https://estadisticas.bcrp.gob.pe/estadisticas/series/anuales/ingresos-corrientes-del-gobierno-general-mill-soles-a,Anual
PM05867FA,Ingresos Tributarios - ISC - Otros,1990,2024,30-05-2025,Ingresos corrientes del gobierno general (millones S/),https://estadisticas.bcrp.gob.pe/estadisticas/series/anuales/ingresos-corrientes-del-gobierno-general-mill-soles-a,Anual
PM05868FA,Ingresos Tributarios - Otros Ingresos Tributarios,1990,2024,30-05-2025,Ingresos corrientes del gobierno general (millones S/),https://estadisticas.bcrp.gob.pe/estadisticas/series/anuales/ingresos-corrientes-del-gobierno-general-mill-soles-a,Anual
PM05869FA,Ingresos Tributarios - Documentos Valorados,1990,2024,30-05-2025,Ingresos corrientes del gobierno general (millones S/),https://estadisticas.bcrp.gob.pe/estadisticas/series/anuales/ingresos-corrientes-del-gobierno-general-mill-soles-a,Anual
PM05870FA,Ingresos No Tributarios,1990,2024,30-05-2025,Ingresos corrientes del gobierno general (millones S/),https://estadisticas.bcrp.gob.pe/estadisticas/series/anuales/ingresos-corrientes-del-gobierno-general-mill-soles-a,Anual
PM05871FA,Ingresos No Tributarios - Contribuciones a Essalud y ONP,1990,2024,30-05-2025,Ingresos corrientes del gobierno general (millones S/),https://estadisticas.bcrp.gob.pe/estadisticas/series/anuales/ingresos-corrientes-del-gobierno-general-mill-soles-a,Anual
PM05872FA,"Ingresos No Tributarios - Regalías petroleras, gasíferas y mineras",1990,2024,30-05-2025,Ingresos corrientes del gobierno general (millones S/),https://estadisticas.bcrp.gob.pe/estadisticas/series/anuales/ingresos-corrientes-del-gobierno-general-mill-soles-a,Anual
PM05873FA,Ingresos No Tributarios - Canon Petrolero,1990,2024,30-05-2025,Ingresos corrientes del gobierno general (millones S/),https://estadisticas.bcrp.gob.pe/estadisticas/series/anuales/ingresos-corrientes-del-gobierno-general-mill-soles-a,Anual
PM05874FA,Ingresos No Tributarios - Otros ingresos,1990,2024,30-05-2025,Ingresos corrientes del gobierno general (millones S/),https://estadisticas.bcrp.gob.pe/estadisticas/series/anuales/ingresos-corrientes-del-gobierno-general-mill-soles-a,Anual
PM05875FA,Total,1970,2024,30-05-2025,Ingresos corrientes del gobierno general (millones S/),https://estadisticas.bcrp.gob.pe/estadisticas/series/anuales/ingresos-corrientes-del-gobierno-general-mill-soles-a,Anual
PM05876FA,Ingresos Tributarios,1990,2024,30-05-2025,Ingresos corrientes del gobierno general (porcentaje del PBI),https://estadisticas.bcrp.gob.pe/estadisticas/series/anuales/ingresos-corrientes-del-gobierno-general-porcentaje-del-pbi-a,Anual
PM05877FA,Ingresos Tributarios - Impuestos a los Ingresos,1990,2024,30-05-2025,Ingresos corrientes del gobierno general (porcentaje del PBI),https://estadisticas.bcrp.gob.pe/estadisticas/series/anuales/ingresos-corrientes-del-gobierno-general-porcentaje-del-pbi-a,Anual
PM05878FA,Ingresos Tributarios - Impuestos a los Ingresos - Personas Naturales,1990,2024,30-05-2025,Ingresos corrientes del gobierno general (porcentaje del PBI),https://estadisticas.bcrp.gob.pe/estadisticas/series/anuales/ingresos-corrientes-del-gobierno-general-porcentaje-del-pbi-a,Anual
PM05879FA,Ingresos Tributarios - Impuestos a los Ingresos - Personas Jurídicas,1990,2024,30-05-2025,Ingresos corrientes del gobierno general (porcentaje del PBI),https://estadisticas.bcrp.gob.pe/estadisticas/series/anuales/ingresos-corrientes-del-gobierno-general-porcentaje-del-pbi-a,Anual
PM05880FA,Ingresos Tributarios - Impuestos a los Ingresos - Regularización,1990,2024,30-05-2025,Ingresos corrientes del gobierno general (porcentaje del PBI),https://estadisticas.bcrp.gob.pe/estadisticas/series/anuales/ingresos-corrientes-del-gobierno-general-porcentaje-del-pbi-a,Anual
PM05881FA,Ingresos Tributarios - Impuestos a las Importaciones,1990,2024,30-05-2025,Ingresos corrientes del gobierno general (porcentaje del PBI),https://estadisticas.bcrp.gob.pe/estadisticas/series/anuales/ingresos-corrientes-del-gobierno-general-porcentaje-del-pbi-a,Anual
PM05882FA,Ingresos Tributarios - IGV,1990,2024,30-05-2025,Ingresos corrientes del gobierno general (porcentaje del PBI),https://estadisticas.bcrp.gob.pe/estadisticas/series/anuales/ingresos-corrientes-del-gobierno-general-porcentaje-del-pbi-a,Anual
PM05883FA,Ingresos Tributarios - IGV - Interno,1990,2024,30-05-2025,Ingresos corrientes del gobierno general (porcentaje del PBI),https://estadisticas.bcrp.gob.pe/estadisticas/series/anuales/ingresos-corrientes-del-gobierno-general-porcentaje-del-pbi-a,Anual
PM05884FA,Ingresos Tributarios - IGV - Importaciones,1990,2024,30-05-2025,Ingresos corrientes del gobierno general (porcentaje del PBI),https://estadisticas.bcrp.gob.pe/estadisticas/series/anuales/ingresos-corrientes-del-gobierno-general-porcentaje-del-pbi-a,Anual
PM05885FA,Ingresos Tributarios - ISC,1990,2024,30-05-2025,Ingresos corrientes del gobierno general (porcentaje del PBI),https://estadisticas.bcrp.gob.pe/estadisticas/series/anuales/ingresos-corrientes-del-gobierno-general-porcentaje-del-pbi-a,Anual
PM05886FA,Ingresos Tributarios - ISC - Combustibles,1990,2024,30-05-2025,Ingresos corrientes del gobierno general (porcentaje del PBI),https://estadisticas.bcrp.gob.pe/estadisticas/series/anuales/ingresos-corrientes-del-gobierno-general-porcentaje-del-pbi-a,Anual
PM05887FA,Ingresos Tributarios - ISC - Otros,1990,2024,30-05-2025,Ingresos corrientes del gobierno general (porcentaje del PBI),https://estadisticas.bcrp.gob.pe/estadisticas/series/anuales/ingresos-corrientes-del-gobierno-general-porcentaje-del-pbi-a,Anual
PM05888FA,Ingresos Tributarios - Otros Ingresos Tributarios,1990,2024,30-05-2025,Ingresos corrientes del gobierno general (porcentaje del PBI),https://estadisticas.bcrp.gob.pe/estadisticas/series/anuales/ingresos-corrientes-del-gobierno-general-porcentaje-del-pbi-a,Anual
PM05889FA,Ingresos Tributarios - Documentos Valorados,1990,2024,30-05-2025,Ingresos corrientes del gobierno general (porcentaje del PBI),https://estadisticas.bcrp.gob.pe/estadisticas/series/anuales/ingresos-corrientes-del-gobierno-general-porcentaje-del-pbi-a,Anual
PM05890FA,Ingresos No Tributarios,1990,2024,30-05-2025,Ingresos corrientes del gobierno general (porcentaje del PBI),https://estadisticas.bcrp.gob.pe/estadisticas/series/anuales/ingresos-corrientes-del-gobierno-general-porcentaje-del-pbi-a,Anual
PM05891FA,Ingresos No Tributarios - Contribuciones a Essalud y ONP,1990,2024,30-05-2025,Ingresos corrientes del gobierno general (porcentaje del PBI),https://estadisticas.bcrp.gob.pe/estadisticas/series/anuales/ingresos-corrientes-del-gobierno-general-porcentaje-del-pbi-a,Anual
PM05892FA,"Ingresos No Tributarios - Regalías petroleras, gasíferas y mineras",1990,2024,30-05-2025,Ingresos corrientes del gobierno general (porcentaje del PBI),https://estadisticas.bcrp.gob.pe/estadisticas/series/anuales/ingresos-corrientes-del-gobierno-general-porcentaje-del-pbi-a,Anual
PM05893FA,Ingresos No Tributarios - Canon Petrolero,1990,2024,30-05-2025,Ingresos corrientes del gobierno general (porcentaje del PBI),https://estadisticas.bcrp.gob.pe/estadisticas/series/anuales/ingresos-corrientes-del-gobierno-general-porcentaje-del-pbi-a,Anual
PM05894FA,Ingresos No Tributarios - Otros ingresos,1990,2024,30-05-2025,Ingresos corrientes del gobierno general (porcentaje del PBI),https://estadisticas.bcrp.gob.pe/estadisticas/series/anuales/ingresos-corrientes-del-gobierno-general-porcentaje-del-pbi-a,Anual
PM05895FA,Total,1970,2024,30-05-2025,Ingresos corrientes del gobierno general (porcentaje del PBI),https://estadisticas.bcrp.gob.pe/estadisticas/series/anuales/ingresos-corrientes-del-gobierno-general-porcentaje-del-pbi-a,Anual
PM10088FA,Ingresos Tributarios del Gobierno Central,1970,2024,30-05-2025,Ingresos corrientes del gobierno central (millones S/),https://estadisticas.bcrp.gob.pe/estadisticas/series/anuales/ingresos-corrientes-del-gobierno-central-mill-soles-a,Anual
PM10089FA,Impuesto a los Ingresos,1970,2024,30-05-2025,Ingresos corrientes del gobierno central (millones S/),https://estadisticas.bcrp.gob.pe/estadisticas/series/anuales/ingresos-corrientes-del-gobierno-central-mill-soles-a,Anual
PM10090FA,Impuesto al Patrimonio,1970,2024,30-05-2025,Ingresos corrientes del gobierno central (millones S/),https://estadisticas.bcrp.gob.pe/estadisticas/series/anuales/ingresos-corrientes-del-gobierno-central-mill-soles-a,Anual
PM10091FA,Impuestos a las Exportaciones,1970,2024,30-05-2025,Ingresos corrientes del gobierno central (millones S/),https://estadisticas.bcrp.gob.pe/estadisticas/series/anuales/ingresos-corrientes-del-gobierno-central-mill-soles-a,Anual
PM10092FA,Impuesto a las Importaciones,1970,2024,30-05-2025,Ingresos corrientes del gobierno central (millones S/),https://estadisticas.bcrp.gob.pe/estadisticas/series/anuales/ingresos-corrientes-del-gobierno-central-mill-soles-a,Anual
PM10093FA,Impuesto General a las Ventas - IGV,1970,2024,30-05-2025,Ingresos corrientes del gobierno central (millones S/),https://estadisticas.bcrp.gob.pe/estadisticas/series/anuales/ingresos-corrientes-del-gobierno-central-mill-soles-a,Anual
PM10094FA,IGV - Interno,1970,2024,30-05-2025,Ingresos corrientes del gobierno central (millones S/),https://estadisticas.bcrp.gob.pe/estadisticas/series/anuales/ingresos-corrientes-del-gobierno-central-mill-soles-a,Anual
PM10095FA,IGV - Importaciones,1970,2024,30-05-2025,Ingresos corrientes del gobierno central (millones S/),https://estadisticas.bcrp.gob.pe/estadisticas/series/anuales/ingresos-corrientes-del-gobierno-central-mill-soles-a,Anual
PM10096FA,Impuesto Selectivo al Consumo - ISC,1970,2024,30-05-2025,Ingresos corrientes del gobierno central (millones S/),https://estadisticas.bcrp.gob.pe/estadisticas/series/anuales/ingresos-corrientes-del-gobierno-central-mill-soles-a,Anual
PM10097FA,ISC - Combustibles,1970,2024,30-05-2025,Ingresos corrientes del gobierno central (millones S/),https://estadisticas.bcrp.gob.pe/estadisticas/series/anuales/ingresos-corrientes-del-gobierno-central-mill-soles-a,Anual
PM10098FA,ISC - Otros,1970,2024,30-05-2025,Ingresos corrientes del gobierno central (millones S/),https://estadisticas.bcrp.gob.pe/estadisticas/series/anuales/ingresos-corrientes-del-gobierno-central-mill-soles-a,Anual
PM10099FA,Otros Ingresos Tributarios,1970,2024,30-05-2025,Ingresos corrientes del gobierno central (millones S/),https://estadisticas.bcrp.gob.pe/estadisticas/series/anuales/ingresos-corrientes-del-gobierno-central-mill-soles-a,Anual
PM10100FA,Devoluciones,1970,2024,30-05-2025,Ingresos corrientes del gobierno central (millones S/),https://estadisticas.bcrp.gob.pe/estadisticas/series/anuales/ingresos-corrientes-del-gobierno-central-mill-soles-a,Anual
PM10101FA,Ingresos No Tributarios,1970,2024,30-05-2025,Ingresos corrientes del gobierno central (millones S/),https://estadisticas.bcrp.gob.pe/estadisticas/series/anuales/ingresos-corrientes-del-gobierno-central-mill-soles-a,Anual
PM10102FA,Total Ingresos Corrientes del Gobierno Central,1970,2024,30-05-2025,Ingresos corrientes del gobierno central (millones S/),https://estadisticas.bcrp.gob.pe/estadisticas/series/anuales/ingresos-corrientes-del-gobierno-central-mill-soles-a,Anual
PM10103FA,Ingresos Tributarios del Gobierno Central (% PBI),1970,2024,30-05-2025,Ingresos corrientes del gobierno central (porcentaje del PBI),https://estadisticas.bcrp.gob.pe/estadisticas/series/anuales/ingresos-corrientes-del-gobierno-central-porcentaje-del-pbi-a,Anual
PM10104FA,Impuesto a los Ingresos (% PBI),1970,2024,30-05-2025,Ingresos corrientes del gobierno central (porcentaje del PBI),https://estadisticas.bcrp.gob.pe/estadisticas/series/anuales/ingresos-corrientes-del-gobierno-central-porcentaje-del-pbi-a,Anual
PM10105FA,Impuesto al Patrimonio (% PBI),1970,2024,30-05-2025,Ingresos corrientes del gobierno central (porcentaje del PBI),https://estadisticas.bcrp.gob.pe/estadisticas/series/anuales/ingresos-corrientes-del-gobierno-central-porcentaje-del-pbi-a,Anual
PM10106FA,Impuestos a las Exportaciones (% PBI),1970,2024,30-05-2025,Ingresos corrientes del gobierno central (porcentaje del PBI),https://estadisticas.bcrp.gob.pe/estadisticas/series/anuales/ingresos-corrientes-del-gobierno-central-porcentaje-del-pbi-a,Anual
PM10107FA,Impuesto a las Importaciones (% PBI),1970,2024,30-05-2025,Ingresos corrientes del gobierno central (porcentaje del PBI),https://estadisticas.bcrp.gob.pe/estadisticas/series/anuales/ingresos-corrientes-del-gobierno-central-porcentaje-del-pbi-a,Anual
PM10108FA,Impuesto General a las Ventas - IGV (% PBI),1970,2024,30-05-2025,Ingresos corrientes del gobierno central (porcentaje del PBI),https://estadisticas.bcrp.gob.pe/estadisticas/series/anuales/ingresos-corrientes-del-gobierno-central-porcentaje-del-pbi-a,Anual
PM10109FA,IGV - Interno (% PBI),1970,2024,30-05-2025,Ingresos corrientes del gobierno central (porcentaje del PBI),https://estadisticas.bcrp.gob.pe/estadisticas/series/anuales/ingresos-corrientes-del-gobierno-central-porcentaje-del-pbi-a,Anual
PM10110FA,IGV - Importaciones (% PBI),1970,2024,30-05-2025,Ingresos corrientes del gobierno central (porcentaje del PBI),https://estadisticas.bcrp.gob.pe/estadisticas/series/anuales/ingresos-corrientes-del-gobierno-central-porcentaje-del-pbi-a,Anual
PM10111FA,Impuesto Selectivo al Consumo - ISC (% PBI),1970,2024,30-05-2025,Ingresos corrientes del gobierno central (porcentaje del PBI),https://estadisticas.bcrp.gob.pe/estadisticas/series/anuales/ingresos-corrientes-del-gobierno-central-porcentaje-del-pbi-a,Anual
PM10112FA,ISC - Combustibles (% PBI),1970,2024,30-05-2025,Ingresos corrientes del gobierno central (porcentaje del PBI),https://estadisticas.bcrp.gob.pe/estadisticas/series/anuales/ingresos-corrientes-del-gobierno-central-porcentaje-del-pbi-a,Anual
PM10113FA,ISC - Otros (% PBI),1970,2024,30-05-2025,Ingresos corrientes del gobierno central (porcentaje del PBI),https://estadisticas.bcrp.gob.pe/estadisticas/series/anuales/ingresos-corrientes-del-gobierno-central-porcentaje-del-pbi-a,Anual
PM10114FA,Otros Ingresos Tributarios (% PBI),1970,2024,30-05-2025,Ingresos corrientes del gobierno central (porcentaje del PBI),https://estadisticas.bcrp.gob.pe/estadisticas/series/anuales/ingresos-corrientes-del-gobierno-central-porcentaje-del-pbi-a,Anual
PM10115FA,Devoluciones (% PBI),1970,2024,30-05-2025,Ingresos corrientes del gobierno central (porcentaje del PBI),https://estadisticas.bcrp.gob.pe/estadisticas/series/anuales/ingresos-corrientes-del-gobierno-central-porcentaje-del-pbi-a,Anual
PM10116FA,Ingresos No Tributarios (% PBI),1970,2024,30-05-2025,Ingresos corrientes del gobierno central (porcentaje del PBI),https://estadisticas.bcrp.gob.pe/estadisticas/series/anuales/ingresos-corrientes-del-gobierno-central-porcentaje-del-pbi-a,Anual
PM10117FA,Total Ingresos Corrientes del Gobierno Central (% PBI),1970,2024,30-05-2025,Ingresos corrientes del gobierno central (porcentaje del PBI),https://estadisticas.bcrp.gob.pe/estadisticas/series/anuales/ingresos-corrientes-del-gobierno-central-porcentaje-del-pbi-a,Anual
PM05896FA,Gastos Corrientes,1970,2024,30-05-2025,Gastos del gobierno general (millones S/),https://estadisticas.bcrp.gob.pe/estadisticas/series/anuales/gastos-del-gobierno-general-millones-de-soles,Anual
PM05897FA,Gastos Corrientes - Remuneraciones,2003,2024,30-05-2025,Gastos del gobierno general (millones S/),https://estadisticas.bcrp.gob.pe/estadisticas/series/anuales/gastos-del-gobierno-general-millones-de-soles,Anual
PM05898FA,Gastos Corrientes - Remuneraciones - Gobierno Nacional,2003,2024,30-05-2025,Gastos del gobierno general (millones S/),https://estadisticas.bcrp.gob.pe/estadisticas/series/anuales/gastos-del-gobierno-general-millones-de-soles,Anual
PM05899FA,Gastos Corrientes - Remuneraciones - Gobiernos Regionales,2003,2024,30-05-2025,Gastos del gobierno general (millones S/),https://estadisticas.bcrp.gob.pe/estadisticas/series/anuales/gastos-del-gobierno-general-millones-de-soles,Anual
PM05900FA,Gastos Corrientes - Remuneraciones - Gobiernos Locales,2003,2024,30-05-2025,Gastos del gobierno general (millones S/),https://estadisticas.bcrp.gob.pe/estadisticas/series/anuales/gastos-del-gobierno-general-millones-de-soles,Anual
PM05901FA,Gastos Corrientes - Bienes y Servicios,2003,2024,30-05-2025,Gastos del gobierno general (millones S/),https://estadisticas.bcrp.gob.pe/estadisticas/series/anuales/gastos-del-gobierno-general-millones-de-soles,Anual
PM05902FA,Gastos Corrientes - Bienes y Servicios - Gobierno Nacional,2003,2024,30-05-2025,Gastos del gobierno general (millones S/),https://estadisticas.bcrp.gob.pe/estadisticas/series/anuales/gastos-del-gobierno-general-millones-de-soles,Anual
PM05903FA,Gastos Corrientes - Bienes y Servicios - Gobiernos Regionales,2003,2024,30-05-2025,Gastos del gobierno general (millones S/),https://estadisticas.bcrp.gob.pe/estadisticas/series/anuales/gastos-del-gobierno-general-millones-de-soles,Anual
PM05904FA,Gastos Corrientes - Bienes y Servicios - Gobiernos Locales,2003,2024,30-05-2025,Gastos del gobierno general (millones S/),https://estadisticas.bcrp.gob.pe/estadisticas/series/anuales/gastos-del-gobierno-general-millones-de-soles,Anual
PM05905FA,Gastos Corrientes - Tranferencias,2003,2024,30-05-2025,Gastos del gobierno general (millones S/),https://estadisticas.bcrp.gob.pe/estadisticas/series/anuales/gastos-del-gobierno-general-millones-de-soles,Anual
PM05906FA,Gastos Corrientes - Tranferencias - Gobierno Nacional,2003,2024,30-05-2025,Gastos del gobierno general (millones S/),https://estadisticas.bcrp.gob.pe/estadisticas/series/anuales/gastos-del-gobierno-general-millones-de-soles,Anual
PM05907FA,Gastos Corrientes - Tranferencias - Gobiernos Regionales,2003,2024,30-05-2025,Gastos del gobierno general (millones S/),https://estadisticas.bcrp.gob.pe/estadisticas/series/anuales/gastos-del-gobierno-general-millones-de-soles,Anual
PM05908FA,Gastos Corrientes - Tranferencias - Gobiernos Locales,2003,2024,30-05-2025,Gastos del gobierno general (millones S/),https://estadisticas.bcrp.gob.pe/estadisticas/series/anuales/gastos-del-gobierno-general-millones-de-soles,Anual
PM05909FA,Gasto de Capital,1970,2024,30-05-2025,Gastos del gobierno general (millones S/),https://estadisticas.bcrp.gob.pe/estadisticas/series/anuales/gastos-del-gobierno-general-millones-de-soles,Anual
PM05910FA,Gasto de Capital - Formación Bruta de Capital,2003,2024,30-05-2025,Gastos del gobierno general (millones S/),https://estadisticas.bcrp.gob.pe/estadisticas/series/anuales/gastos-del-gobierno-general-millones-de-soles,Anual
PM05911FA,Gasto de Capital - Formación Bruta de Capital - Gobierno Nacional,2003,2024,30-05-2025,Gastos del gobierno general (millones S/),https://estadisticas.bcrp.gob.pe/estadisticas/series/anuales/gastos-del-gobierno-general-millones-de-soles,Anual
PM05912FA,Gasto de Capital - Formación Bruta de Capital - Gobiernos Regionales,2003,2024,30-05-2025,Gastos del gobierno general (millones S/),https://estadisticas.bcrp.gob.pe/estadisticas/series/anuales/gastos-del-gobierno-general-millones-de-soles,Anual
PM05913FA,Gasto de Capital - Formación Bruta de Capital - Gobiernos Locales,2003,2024,30-05-2025,Gastos del gobierno general (millones S/),https://estadisticas.bcrp.gob.pe/estadisticas/series/anuales/gastos-del-gobierno-general-millones-de-soles,Anual
PM05914FA,Gasto de Capital - Otros Gastos de Capital,2003,2024,30-05-2025,Gastos del gobierno general (millones S/),https://estadisticas.bcrp.gob.pe/estadisticas/series/anuales/gastos-del-gobierno-general-millones-de-soles,Anual
PM05915FA,Gasto No Financiero Total,1970,2024,30-05-2025,Gastos del gobierno general (millones S/),https://estadisticas.bcrp.gob.pe/estadisticas/series/anuales/gastos-del-gobierno-general-millones-de-soles,Anual
PM05916FA,Gasto No Financiero Total - Gobierno Nacional,2003,2024,30-05-2025,Gastos del gobierno general (millones S/),https://estadisticas.bcrp.gob.pe/estadisticas/series/anuales/gastos-del-gobierno-general-millones-de-soles,Anual
PM05917FA,Gasto No Financiero Total - Gobiernos Regionales,2003,2024,30-05-2025,Gastos del gobierno general (millones S/),https://estadisticas.bcrp.gob.pe/estadisticas/series/anuales/gastos-del-gobierno-general-millones-de-soles,Anual
PM05918FA,Gasto No Financiero Total - Gobiernos Locales,2003,2024,30-05-2025,Gastos del gobierno general (millones S/),https://estadisticas.bcrp.gob.pe/estadisticas/series/anuales/gastos-del-gobierno-general-millones-de-soles,Anual
PM05919FA,Gastos Corrientes,1970,2024,30-05-2025,Gastos del gobierno general (porcentaje del PBI),https://estadisticas.bcrp.gob.pe/estadisticas/series/anuales/gastos-del-gobierno-general-porcentaje-del-pbi,Anual
PM05920FA,Gastos Corrientes - Remuneraciones,2003,2024,30-05-2025,Gastos del gobierno general (porcentaje del PBI),https://estadisticas.bcrp.gob.pe/estadisticas/series/anuales/gastos-del-gobierno-general-porcentaje-del-pbi,Anual
PM05921FA,Gastos Corrientes - Remuneraciones - Gobierno Nacional,2003,2024,30-05-2025,Gastos del gobierno general (porcentaje del PBI),https://estadisticas.bcrp.gob.pe/estadisticas/series/anuales/gastos-del-gobierno-general-porcentaje-del-pbi,Anual
PM05922FA,Gastos Corrientes - Remuneraciones - Gobiernos Regionales,2003,2024,30-05-2025,Gastos del gobierno general (porcentaje del PBI),https://estadisticas.bcrp.gob.pe/estadisticas/series/anuales/gastos-del-gobierno-general-porcentaje-del-pbi,Anual
PM05923FA,Gastos Corrientes - Remuneraciones - Gobiernos Locales,2003,2024,30-05-2025,Gastos del gobierno general (porcentaje del PBI),https://estadisticas.bcrp.gob.pe/estadisticas/series/anuales/gastos-del-gobierno-general-porcentaje-del-pbi,Anual
PM05924FA,Gastos Corrientes - Bienes y Servicios,2003,2024,30-05-2025,Gastos del gobierno general (porcentaje del PBI),https://estadisticas.bcrp.gob.pe/estadisticas/series/anuales/gastos-del-gobierno-general-porcentaje-del-pbi,Anual
PM05925FA,Gastos Corrientes - Bienes y Servicios - Gobierno Nacional,2003,2024,30-05-2025,Gastos del gobierno general (porcentaje del PBI),https://estadisticas.bcrp.gob.pe/estadisticas/series/anuales/gastos-del-gobierno-general-porcentaje-del-pbi,Anual
PM05926FA,Gastos Corrientes - Bienes y Servicios - Gobierno Regionales,2003,2024,30-05-2025,Gastos del gobierno general (porcentaje del PBI),https://estadisticas.bcrp.gob.pe/estadisticas/series/anuales/gastos-del-gobierno-general-porcentaje-del-pbi,Anual
PM05927FA,Gastos Corrientes - Bienes y Servicios - Gobierno Locales,2003,2024,30-05-2025,Gastos del gobierno general (porcentaje del PBI),https://estadisticas.bcrp.gob.pe/estadisticas/series/anuales/gastos-del-gobierno-general-porcentaje-del-pbi,Anual
PM05928FA,Gastos Corrientes - Transferencias,2003,2024,30-05-2025,Gastos del gobierno general (porcentaje del PBI),https://estadisticas.bcrp.gob.pe/estadisticas/series/anuales/gastos-del-gobierno-general-porcentaje-del-pbi,Anual
PM05929FA,Gastos Corrientes - Transferencias - Gobierno Nacional,2003,2024,30-05-2025,Gastos del gobierno general (porcentaje del PBI),https://estadisticas.bcrp.gob.pe/estadisticas/series/anuales/gastos-del-gobierno-general-porcentaje-del-pbi,Anual
PM05930FA,Gastos Corrientes - Transferencias - Gobierno Regionales,2003,2024,30-05-2025,Gastos del gobierno general (porcentaje del PBI),https://estadisticas.bcrp.gob.pe/estadisticas/series/anuales/gastos-del-gobierno-general-porcentaje-del-pbi,Anual
PM05931FA,Gastos Corrientes - Transferencias - Gobierno Locales,2003,2024,30-05-2025,Gastos del gobierno general (porcentaje del PBI),https://estadisticas.bcrp.gob.pe/estadisticas/series/anuales/gastos-del-gobierno-general-porcentaje-del-pbi,Anual
PM05932FA,Gasto de Capital,1970,2024,30-05-2025,Gastos del gobierno general (porcentaje del PBI),https://estadisticas.bcrp.gob.pe/estadisticas/series/anuales/gastos-del-gobierno-general-porcentaje-del-pbi,Anual
PM05933FA,Gasto de Capital - Formación Bruta de Capital,2003,2024,30-05-2025,Gastos del gobierno general (porcentaje del PBI),https://estadisticas.bcrp.gob.pe/estadisticas/series/anuales/gastos-del-gobierno-general-porcentaje-del-pbi,Anual
PM05934FA,Gasto de Capital - Formación Bruta de Capital - Gobierno Nacional,2003,2024,30-05-2025,Gastos del gobierno general (porcentaje del PBI),https://estadisticas.bcrp.gob.pe/estadisticas/series/anuales/gastos-del-gobierno-general-porcentaje-del-pbi,Anual
PM05935FA,Gasto de Capital - Formación Bruta de Capital - Gobierno Regionales,2003,2024,30-05-2025,Gastos del gobierno general (porcentaje del PBI),https://estadisticas.bcrp.gob.pe/estadisticas/series/anuales/gastos-del-gobierno-general-porcentaje-del-pbi,Anual
PM05936FA,Gasto de Capital - Formación Bruta de Capital - Gobierno Locales,2003,2024,30-05-2025,Gastos del gobierno general (porcentaje del PBI),https://estadisticas.bcrp.gob.pe/estadisticas/series/anuales/gastos-del-gobierno-general-porcentaje-del-pbi,Anual
PM05937FA,Gasto de Capital - Otros Gastos de Capital,2003,2024,30-05-2025,Gastos del gobierno general (porcentaje del PBI),https://estadisticas.bcrp.gob.pe/estadisticas/series/anuales/gastos-del-gobierno-general-porcentaje-del-pbi,Anual
PM05938FA,Gasto No Financiero Total,1970,2024,30-05-2025,Gastos del gobierno general (porcentaje del PBI),https://estadisticas.bcrp.gob.pe/estadisticas/series/anuales/gastos-del-gobierno-general-porcentaje-del-pbi,Anual
PM05939FA,Gasto No Financiero Total - Gobierno Nacional,2003,2024,30-05-2025,Gastos del gobierno general (porcentaje del PBI),https://estadisticas.bcrp.gob.pe/estadisticas/series/anuales/gastos-del-gobierno-general-porcentaje-del-pbi,Anual
PM05940FA,Gasto No Financiero Total - Gobiernos Regionales,2003,2024,30-05-2025,Gastos del gobierno general (porcentaje del PBI),https://estadisticas.bcrp.gob.pe/estadisticas/series/anuales/gastos-del-gobierno-general-porcentaje-del-pbi,Anual
PM05941FA,Gasto No Financiero Total - Gobiernos Locales,2003,2024,30-05-2025,Gastos del gobierno general (porcentaje del PBI),https://estadisticas.bcrp.gob.pe/estadisticas/series/anuales/gastos-del-gobierno-general-porcentaje-del-pbi,Anual
PM10118FA,Gastos No Financieros del Gobierno Central,1970,2024,30-05-2025,Gastos del gobierno central (millones S/),https://estadisticas.bcrp.gob.pe/estadisticas/series/anuales/gastos-del-gobierno-central-mill-soles,Anual
PM10119FA,Remuneraciones del Gobierno Central,1970,2024,30-05-2025,Gastos del gobierno central (millones S/),https://estadisticas.bcrp.gob.pe/estadisticas/series/anuales/gastos-del-gobierno-central-mill-soles,Anual
PM10120FA,Bienes y Servicios del Gobierno Central,1970,2024,30-05-2025,Gastos del gobierno central (millones S/),https://estadisticas.bcrp.gob.pe/estadisticas/series/anuales/gastos-del-gobierno-central-mill-soles,Anual
PM10121FA,Transferencias del Gobierno Central,1970,2024,30-05-2025,Gastos del gobierno central (millones S/),https://estadisticas.bcrp.gob.pe/estadisticas/series/anuales/gastos-del-gobierno-central-mill-soles,Anual
PM10122FA,Gastos de Capital del Gobierno Central,1970,2024,30-05-2025,Gastos del gobierno central (millones S/),https://estadisticas.bcrp.gob.pe/estadisticas/series/anuales/gastos-del-gobierno-central-mill-soles,Anual
PM10123FA,Formación Bruta de Capital del Gobierno Central,1970,2024,30-05-2025,Gastos del gobierno central (millones S/),https://estadisticas.bcrp.gob.pe/estadisticas/series/anuales/gastos-del-gobierno-central-mill-soles,Anual
PM10124FA,Otros Gastos de Capital del Gobierno Central,1970,2024,30-05-2025,Gastos del gobierno central (millones S/),https://estadisticas.bcrp.gob.pe/estadisticas/series/anuales/gastos-del-gobierno-central-mill-soles,Anual
PM10125FA,Intereses Totales del Gobierno Central,1970,2024,30-05-2025,Gastos del gobierno central (millones S/),https://estadisticas.bcrp.gob.pe/estadisticas/series/anuales/gastos-del-gobierno-central-mill-soles,Anual
PM10126FA,Intereses Deuda Interna del Gobierno Central,1970,2024,30-05-2025,Gastos del gobierno central (millones S/),https://estadisticas.bcrp.gob.pe/estadisticas/series/anuales/gastos-del-gobierno-central-mill-soles,Anual
PM10127FA,Intereses Deuda Externa del Gobierno Central,1970,2024,30-05-2025,Gastos del gobierno central (millones S/),https://estadisticas.bcrp.gob.pe/estadisticas/series/anuales/gastos-del-gobierno-central-mill-soles,Anual
PM10128FA,Total Gastos del Gobierno Central,1970,2024,30-05-2025,Gastos del gobierno central (millones S/),https://estadisticas.bcrp.gob.pe/estadisticas/series/anuales/gastos-del-gobierno-central-mill-soles,Anual
PM10129FA,Gastos No Financieros del Resto Gobierno Central,1970,2024,30-05-2025,Gastos del gobierno central (millones S/),https://estadisticas.bcrp.gob.pe/estadisticas/series/anuales/gastos-del-gobierno-central-mill-soles,Anual
PM10130FA,Gastos Corrientes No Financieros del Resto Gobierno Central,1970,2024,30-05-2025,Gastos del gobierno central (millones S/),https://estadisticas.bcrp.gob.pe/estadisticas/series/anuales/gastos-del-gobierno-central-mill-soles,Anual
PM10131FA,Gastos de Capital del Resto Gobierno Central,1970,2024,30-05-2025,Gastos del gobierno central (millones S/),https://estadisticas.bcrp.gob.pe/estadisticas/series/anuales/gastos-del-gobierno-central-mill-soles,Anual
PM10132FA,Intereses del Resto Gobierno Central (Mill. S/),1970,2024,30-05-2025,Gastos del gobierno central (millones S/),https://estadisticas.bcrp.gob.pe/estadisticas/series/anuales/gastos-del-gobierno-central-mill-soles,Anual
PM10133FA,Gastos No Financieros del Gobierno Central (% PBI),1970,2024,30-05-2025,Gastos del gobierno central (porcentaje del PBI),https://estadisticas.bcrp.gob.pe/estadisticas/series/anuales/gastos-del-gobierno-central-porcentaje-del-pbi-a,Anual
PM10134FA,Remuneraciones del Gobierno Central (% PBI),1970,2024,30-05-2025,Gastos del gobierno central (porcentaje del PBI),https://estadisticas.bcrp.gob.pe/estadisticas/series/anuales/gastos-del-gobierno-central-porcentaje-del-pbi-a,Anual
PM10135FA,Bienes y Servicios del Gobierno Central (% PBI),1970,2024,30-05-2025,Gastos del gobierno central (porcentaje del PBI),https://estadisticas.bcrp.gob.pe/estadisticas/series/anuales/gastos-del-gobierno-central-porcentaje-del-pbi-a,Anual
PM10136FA,Transferencias del Gobierno Central (% PBI),1970,2024,30-05-2025,Gastos del gobierno central (porcentaje del PBI),https://estadisticas.bcrp.gob.pe/estadisticas/series/anuales/gastos-del-gobierno-central-porcentaje-del-pbi-a,Anual
PM10137FA,Gastos de Capital del Gobierno Central (% PBI),1970,2024,30-05-2025,Gastos del gobierno central (porcentaje del PBI),https://estadisticas.bcrp.gob.pe/estadisticas/series/anuales/gastos-del-gobierno-central-porcentaje-del-pbi-a,Anual
PM10138FA,Formación Bruta de Capital del Gobierno Central (% PBI),1970,2024,30-05-2025,Gastos del gobierno central (porcentaje del PBI),https://estadisticas.bcrp.gob.pe/estadisticas/series/anuales/gastos-del-gobierno-central-porcentaje-del-pbi-a,Anual
PM10139FA,Otros Gastos de Capital del Gobierno Central (% PBI),1970,2024,30-05-2025,Gastos del gobierno central (porcentaje del PBI),https://estadisticas.bcrp.gob.pe/estadisticas/series/anuales/gastos-del-gobierno-central-porcentaje-del-pbi-a,Anual
PM10140FA,Intereses Totales del Gobierno Central (% PBI),1970,2024,30-05-2025,Gastos del gobierno central (porcentaje del PBI),https://estadisticas.bcrp.gob.pe/estadisticas/series/anuales/gastos-del-gobierno-central-porcentaje-del-pbi-a,Anual
PM10141FA,Intereses Deuda Interna del Gobierno Central (% PBI),1970,2024,30-05-2025,Gastos del gobierno central (porcentaje del PBI),https://estadisticas.bcrp.gob.pe/estadisticas/series/anuales/gastos-del-gobierno-central-porcentaje-del-pbi-a,Anual
PM10142FA,Intereses Deuda Externa del Gobierno Central (% PBI),1970,2024,30-05-2025,Gastos del gobierno central (porcentaje del PBI),https://estadisticas.bcrp.gob.pe/estadisticas/series/anuales/gastos-del-gobierno-central-porcentaje-del-pbi-a,Anual
PM10143FA,Total Gastos del Gobierno Central (% PBI),1970,2024,30-05-2025,Gastos del gobierno central (porcentaje del PBI),https://estadisticas.bcrp.gob.pe/estadisticas/series/anuales/gastos-del-gobierno-central-porcentaje-del-pbi-a,Anual
PM10144FA,Gastos No Financieros del Resto Gobierno Central (% PBI),1970,2024,30-05-2025,Gastos del gobierno central (porcentaje del PBI),https://estadisticas.bcrp.gob.pe/estadisticas/series/anuales/gastos-del-gobierno-central-porcentaje-del-pbi-a,Anual
PM10145FA,Gastos Corrientes No Financieros del Resto Gobierno Central (% PBI),1970,2024,30-05-2025,Gastos del gobierno central (porcentaje del PBI),https://estadisticas.bcrp.gob.pe/estadisticas/series/anuales/gastos-del-gobierno-central-porcentaje-del-pbi-a,Anual
PM10146FA,Gastos de Capital del Resto Gobierno Central (% PBI),1970,2024,30-05-2025,Gastos del gobierno central (porcentaje del PBI),https://estadisticas.bcrp.gob.pe/estadisticas/series/anuales/gastos-del-gobierno-central-porcentaje-del-pbi-a,Anual
PM10147FA,Intereses del Resto Gobierno Central (% PBI),1970,2024,30-05-2025,Gastos del gobierno central (porcentaje del PBI),https://estadisticas.bcrp.gob.pe/estadisticas/series/anuales/gastos-del-gobierno-central-porcentaje-del-pbi-a,Anual
PM10156FA,Deuda Pública (mill. S/),1999,2024,30-05-2025,Saldo deuda pública (millones S/),https://estadisticas.bcrp.gob.pe/estadisticas/series/anuales/saldo-deuda-publica-mill-soles,Anual
PM10157FA,Deuda Pública Externa (mill. S/),1999,2024,30-05-2025,Saldo deuda pública (millones S/),https://estadisticas.bcrp.gob.pe/estadisticas/series/anuales/saldo-deuda-publica-mill-soles,Anual
PM10158FA,Organismos Internacionales (mill. S/),1999,2024,30-05-2025,Saldo deuda pública (millones S/),https://estadisticas.bcrp.gob.pe/estadisticas/series/anuales/saldo-deuda-publica-mill-soles,Anual
PM10159FA,Club de París (mill. S/),1999,2024,30-05-2025,Saldo deuda pública (millones S/),https://estadisticas.bcrp.gob.pe/estadisticas/series/anuales/saldo-deuda-publica-mill-soles,Anual
PM10160FA,Bonos (mill. S/),1999,2024,30-05-2025,Saldo deuda pública (millones S/),https://estadisticas.bcrp.gob.pe/estadisticas/series/anuales/saldo-deuda-publica-mill-soles,Anual
PM10161FA,Proveedores (mill. S/),1999,2024,30-05-2025,Saldo deuda pública (millones S/),https://estadisticas.bcrp.gob.pe/estadisticas/series/anuales/saldo-deuda-publica-mill-soles,Anual
PM10162FA,Banca Internacional (mill. S/),1999,2024,30-05-2025,Saldo deuda pública (millones S/),https://estadisticas.bcrp.gob.pe/estadisticas/series/anuales/saldo-deuda-publica-mill-soles,Anual
PM10163FA,América Latina (mill. S/),1999,2024,30-05-2025,Saldo deuda pública (millones S/),https://estadisticas.bcrp.gob.pe/estadisticas/series/anuales/saldo-deuda-publica-mill-soles,Anual
PM10164FA,Otros Bilaterales (mill. S/),1999,2024,30-05-2025,Saldo deuda pública (millones S/),https://estadisticas.bcrp.gob.pe/estadisticas/series/anuales/saldo-deuda-publica-mill-soles,Anual
PM10165FA,Deuda Pública Interna (mill. S/),1999,2024,30-05-2025,Saldo deuda pública (millones S/),https://estadisticas.bcrp.gob.pe/estadisticas/series/anuales/saldo-deuda-publica-mill-soles,Anual
PM10166FA,Largo Plazo (mill. S/),1999,2024,30-05-2025,Saldo deuda pública (millones S/),https://estadisticas.bcrp.gob.pe/estadisticas/series/anuales/saldo-deuda-publica-mill-soles,Anual
PM10167FA,Créditos Bancarios (mill. S/),1999,2024,30-05-2025,Saldo deuda pública (millones S/),https://estadisticas.bcrp.gob.pe/estadisticas/series/anuales/saldo-deuda-publica-mill-soles,Anual
PM10168FA,Créditos del Banco de la Nación (mill. S/),1999,2024,30-05-2025,Saldo deuda pública (millones S/),https://estadisticas.bcrp.gob.pe/estadisticas/series/anuales/saldo-deuda-publica-mill-soles,Anual
PM10169FA,Gobierno Central (mill. S/),1999,2024,30-05-2025,Saldo deuda pública (millones S/),https://estadisticas.bcrp.gob.pe/estadisticas/series/anuales/saldo-deuda-publica-mill-soles,Anual
PM10170FA,Gobiernos Locales (mill. S/),1999,2024,30-05-2025,Saldo deuda pública (millones S/),https://estadisticas.bcrp.gob.pe/estadisticas/series/anuales/saldo-deuda-publica-mill-soles,Anual
PM10171FA,Otros Bancos (mill. S/),1999,2024,30-05-2025,Saldo deuda pública (millones S/),https://estadisticas.bcrp.gob.pe/estadisticas/series/anuales/saldo-deuda-publica-mill-soles,Anual
PM10172FA,Bonos Tesoro Público (mill. S/),1999,2024,30-05-2025,Saldo deuda pública (millones S/),https://estadisticas.bcrp.gob.pe/estadisticas/series/anuales/saldo-deuda-publica-mill-soles,Anual
PM10173FA,Bonos de Capitalización BCRP (mill. S/),1999,2024,30-05-2025,Saldo deuda pública (millones S/),https://estadisticas.bcrp.gob.pe/estadisticas/series/anuales/saldo-deuda-publica-mill-soles,Anual
PM10174FA,Bonos de Apoyo Sistema Financiero (mill. S/),1999,2024,30-05-2025,Saldo deuda pública (millones S/),https://estadisticas.bcrp.gob.pe/estadisticas/series/anuales/saldo-deuda-publica-mill-soles,Anual
PM10175FA,Bonos de Liquidez (mill. S/),1999,2024,30-05-2025,Saldo deuda pública (millones S/),https://estadisticas.bcrp.gob.pe/estadisticas/series/anuales/saldo-deuda-publica-mill-soles,Anual
PM10176FA,Suscripción Temporal de Acciones (mill. S/),1999,2024,30-05-2025,Saldo deuda pública (millones S/),https://estadisticas.bcrp.gob.pe/estadisticas/series/anuales/saldo-deuda-publica-mill-soles,Anual
PM10177FA,Canje Temporal de Cartera (mill. S/),1999,2024,30-05-2025,Saldo deuda pública (millones S/),https://estadisticas.bcrp.gob.pe/estadisticas/series/anuales/saldo-deuda-publica-mill-soles,Anual
PM10178FA,Programas RFA y FOPE (mill. S/),1999,2024,30-05-2025,Saldo deuda pública (millones S/),https://estadisticas.bcrp.gob.pe/estadisticas/series/anuales/saldo-deuda-publica-mill-soles,Anual
PM10179FA,Consolidación del Sistema Financiero (mill. S/),1999,2024,30-05-2025,Saldo deuda pública (millones S/),https://estadisticas.bcrp.gob.pe/estadisticas/series/anuales/saldo-deuda-publica-mill-soles,Anual
PM10180FA,Bonos por Canje de Deuda Pública (mill. S/),1999,2024,30-05-2025,Saldo deuda pública (millones S/),https://estadisticas.bcrp.gob.pe/estadisticas/series/anuales/saldo-deuda-publica-mill-soles,Anual
PM10181FA,Bonos Soberanos (mill. S/),1999,2024,30-05-2025,Saldo deuda pública (millones S/),https://estadisticas.bcrp.gob.pe/estadisticas/series/anuales/saldo-deuda-publica-mill-soles,Anual
PM10182FA,Bonos Caja de Pensiones Militar-Policial (mill. S/),1999,2024,30-05-2025,Saldo deuda pública (millones S/),https://estadisticas.bcrp.gob.pe/estadisticas/series/anuales/saldo-deuda-publica-mill-soles,Anual
PM10183FA,Bonos de Reconocimiento (mill. S/),1999,2024,30-05-2025,Saldo deuda pública (millones S/),https://estadisticas.bcrp.gob.pe/estadisticas/series/anuales/saldo-deuda-publica-mill-soles,Anual
PM10184FA,Bonos Municipalidad de Lima (mill. S/),1999,2024,30-05-2025,Saldo deuda pública (millones S/),https://estadisticas.bcrp.gob.pe/estadisticas/series/anuales/saldo-deuda-publica-mill-soles,Anual
PM10185FA,Corto Plazo (mill. S/),1999,2024,30-05-2025,Saldo deuda pública (millones S/),https://estadisticas.bcrp.gob.pe/estadisticas/series/anuales/saldo-deuda-publica-mill-soles,Anual
PM10186FA,Créditos Banco de la Nación (mill. S/),1999,2024,30-05-2025,Saldo deuda pública (millones S/),https://estadisticas.bcrp.gob.pe/estadisticas/series/anuales/saldo-deuda-publica-mill-soles,Anual
PM10187FA,Obligaciones Pendientes de Cobro (Flotante) (mill. S/),1999,2024,30-05-2025,Saldo deuda pública (millones S/),https://estadisticas.bcrp.gob.pe/estadisticas/series/anuales/saldo-deuda-publica-mill-soles,Anual
PM10188FA,Deuda Pública (% PBI),1999,2024,30-05-2025,Saldo deuda pública (porcentaje del PBI),https://estadisticas.bcrp.gob.pe/estadisticas/series/anuales/saldo-deuda-publica-porcentaje-del-PBI,Anual
PM10189FA,Deuda Pública Externa (% PBI),1999,2024,30-05-2025,Saldo deuda pública (porcentaje del PBI),https://estadisticas.bcrp.gob.pe/estadisticas/series/anuales/saldo-deuda-publica-porcentaje-del-PBI,Anual
PM10190FA,Organismos Internacionales (% PBI),1999,2024,30-05-2025,Saldo deuda pública (porcentaje del PBI),https://estadisticas.bcrp.gob.pe/estadisticas/series/anuales/saldo-deuda-publica-porcentaje-del-PBI,Anual
PM10191FA,Club de París (% PBI),1999,2024,30-05-2025,Saldo deuda pública (porcentaje del PBI),https://estadisticas.bcrp.gob.pe/estadisticas/series/anuales/saldo-deuda-publica-porcentaje-del-PBI,Anual
PM10192FA,Bonos (% PBI),1999,2024,30-05-2025,Saldo deuda pública (porcentaje del PBI),https://estadisticas.bcrp.gob.pe/estadisticas/series/anuales/saldo-deuda-publica-porcentaje-del-PBI,Anual
PM10193FA,Proveedores (% PBI),1999,2024,30-05-2025,Saldo deuda pública (porcentaje del PBI),https://estadisticas.bcrp.gob.pe/estadisticas/series/anuales/saldo-deuda-publica-porcentaje-del-PBI,Anual
PM10194FA,Banca Internacional (% PBI),1999,2024,30-05-2025,Saldo deuda pública (porcentaje del PBI),https://estadisticas.bcrp.gob.pe/estadisticas/series/anuales/saldo-deuda-publica-porcentaje-del-PBI,Anual
PM10195FA,América Latina (% PBI),1999,2024,30-05-2025,Saldo deuda pública (porcentaje del PBI),https://estadisticas.bcrp.gob.pe/estadisticas/series/anuales/saldo-deuda-publica-porcentaje-del-PBI,Anual
PM10196FA,Otros Bilaterales (% PBI),1999,2024,30-05-2025,Saldo deuda pública (porcentaje del PBI),https://estadisticas.bcrp.gob.pe/estadisticas/series/anuales/saldo-deuda-publica-porcentaje-del-PBI,Anual
PM10197FA,Deuda Pública Interna (% PBI),1999,2024,30-05-2025,Saldo deuda pública (porcentaje del PBI),https://estadisticas.bcrp.gob.pe/estadisticas/series/anuales/saldo-deuda-publica-porcentaje-del-PBI,Anual
PM10198FA,Largo Plazo (% PBI),1999,2024,30-05-2025,Saldo deuda pública (porcentaje del PBI),https://estadisticas.bcrp.gob.pe/estadisticas/series/anuales/saldo-deuda-publica-porcentaje-del-PBI,Anual
PM10199FA,Créditos Bancarios (% PBI),1999,2024,30-05-2025,Saldo deuda pública (porcentaje del PBI),https://estadisticas.bcrp.gob.pe/estadisticas/series/anuales/saldo-deuda-publica-porcentaje-del-PBI,Anual
PM10200FA,Créditos del Banco de la Nación (% PBI),1999,2024,30-05-2025,Saldo deuda pública (porcentaje del PBI),https://estadisticas.bcrp.gob.pe/estadisticas/series/anuales/saldo-deuda-publica-porcentaje-del-PBI,Anual
PM10201FA,Gobierno Central (% PBI),1999,2024,30-05-2025,Saldo deuda pública (porcentaje del PBI),https://estadisticas.bcrp.gob.pe/estadisticas/series/anuales/saldo-deuda-publica-porcentaje-del-PBI,Anual
PM10202FA,Gobiernos Locales (% PBI),1999,2024,30-05-2025,Saldo deuda pública (porcentaje del PBI),https://estadisticas.bcrp.gob.pe/estadisticas/series/anuales/saldo-deuda-publica-porcentaje-del-PBI,Anual
PM10203FA,Otros Bancos (% PBI),1999,2024,30-05-2025,Saldo deuda pública (porcentaje del PBI),https://estadisticas.bcrp.gob.pe/estadisticas/series/anuales/saldo-deuda-publica-porcentaje-del-PBI,Anual
PM10204FA,Bonos del Tesoro Público (% PBI),1999,2024,30-05-2025,Saldo deuda pública (porcentaje del PBI),https://estadisticas.bcrp.gob.pe/estadisticas/series/anuales/saldo-deuda-publica-porcentaje-del-PBI,Anual
PM10205FA,Bonos de Capitalización BCRP (% PBI),1999,2024,30-05-2025,Saldo deuda pública (porcentaje del PBI),https://estadisticas.bcrp.gob.pe/estadisticas/series/anuales/saldo-deuda-publica-porcentaje-del-PBI,Anual
PM10206FA,Bonos de Apoyo Sistema Financiero (% PBI),1999,2024,30-05-2025,Saldo deuda pública (porcentaje del PBI),https://estadisticas.bcrp.gob.pe/estadisticas/series/anuales/saldo-deuda-publica-porcentaje-del-PBI,Anual
PM10207FA,Bonos de Liquidez (% PBI),1999,2024,30-05-2025,Saldo deuda pública (porcentaje del PBI),https://estadisticas.bcrp.gob.pe/estadisticas/series/anuales/saldo-deuda-publica-porcentaje-del-PBI,Anual
PM10208FA,Suscripción Temporal de Acciones (% PBI),1999,2024,30-05-2025,Saldo deuda pública (porcentaje del PBI),https://estadisticas.bcrp.gob.pe/estadisticas/series/anuales/saldo-deuda-publica-porcentaje-del-PBI,Anual
PM10209FA,Canje Temporal de Cartera (% PBI),1999,2024,30-05-2025,Saldo deuda pública (porcentaje del PBI),https://estadisticas.bcrp.gob.pe/estadisticas/series/anuales/saldo-deuda-publica-porcentaje-del-PBI,Anual
PM10210FA,Programas RFA y FOPE (% PBI),1999,2024,30-05-2025,Saldo deuda pública (porcentaje del PBI),https://estadisticas.bcrp.gob.pe/estadisticas/series/anuales/saldo-deuda-publica-porcentaje-del-PBI,Anual
PM10211FA,Consolidación del Sistema Financiero (% PBI),1999,2024,30-05-2025,Saldo deuda pública (porcentaje del PBI),https://estadisticas.bcrp.gob.pe/estadisticas/series/anuales/saldo-deuda-publica-porcentaje-del-PBI,Anual
PM10212FA,Bonos por Canje de Deuda Pública (% PBI),1999,2024,30-05-2025,Saldo deuda pública (porcentaje del PBI),https://estadisticas.bcrp.gob.pe/estadisticas/series/anuales/saldo-deuda-publica-porcentaje-del-PBI,Anual
PM10213FA,Bonos Soberanos (% PBI),1999,2024,30-05-2025,Saldo deuda pública (porcentaje del PBI),https://estadisticas.bcrp.gob.pe/estadisticas/series/anuales/saldo-deuda-publica-porcentaje-del-PBI,Anual
PM10214FA,Bonos Caja de Pensiones Militar-Policial (% PBI),1999,2024,30-05-2025,Saldo deuda pública (porcentaje del PBI),https://estadisticas.bcrp.gob.pe/estadisticas/series/anuales/saldo-deuda-publica-porcentaje-del-PBI,Anual
PM10215FA,Bonos de Reconocimiento (% PBI),1999,2024,30-05-2025,Saldo deuda pública (porcentaje del PBI),https://estadisticas.bcrp.gob.pe/estadisticas/series/anuales/saldo-deuda-publica-porcentaje-del-PBI,Anual
PM10216FA,Bonos Municipalidad de Lima (% PBI),1999,2024,30-05-2025,Saldo deuda pública (porcentaje del PBI),https://estadisticas.bcrp.gob.pe/estadisticas/series/anuales/saldo-deuda-publica-porcentaje-del-PBI,Anual
PM10217FA,Corto Plazo (% PBI),1999,2024,30-05-2025,Saldo deuda pública (porcentaje del PBI),https://estadisticas.bcrp.gob.pe/estadisticas/series/anuales/saldo-deuda-publica-porcentaje-del-PBI,Anual
PM10218FA,Créditos Banco de la Nación (% PBI),1999,2024,30-05-2025,Saldo deuda pública (porcentaje del PBI),https://estadisticas.bcrp.gob.pe/estadisticas/series/anuales/saldo-deuda-publica-porcentaje-del-PBI,Anual
PM10219FA,Obligaciones Pendientes de Cobro (Flotante) (% PBI),1999,2024,30-05-2025,Saldo deuda pública (porcentaje del PBI),https://estadisticas.bcrp.gob.pe/estadisticas/series/anuales/saldo-deuda-publica-porcentaje-del-PBI,Anual
PD04746FA,Presupuesto Público 1970 - 2012 - Gasto Corriente,1970,2024,11-06-2025,Presupuesto público,https://estadisticas.bcrp.gob.pe/estadisticas/series/anuales/presupuesto-publico,Anual
PD04747FA,Presupuesto Público 1970 - 2012 - Gasto de Capital,1972,2024,11-06-2025,Presupuesto público,https://estadisticas.bcrp.gob.pe/estadisticas/series/anuales/presupuesto-publico,Anual
PD04748FA,Presupuesto Público 1970 - 2012 - Servicio de la Deuda,1974,2024,11-06-2025,Presupuesto público,https://estadisticas.bcrp.gob.pe/estadisticas/series/anuales/presupuesto-publico,Anual
PD04749FA,Presupuesto Público 1970 - 2012 - Total,1970,2024,11-06-2025,Presupuesto público,https://estadisticas.bcrp.gob.pe/estadisticas/series/anuales/presupuesto-publico,Anual
PN02499AQ,Agropecuario,T1-1981,T1-2025,18-07-2025,Producto bruto interno (variación porcentual interanual),https://estadisticas.bcrp.gob.pe/estadisticas/series/trimestrales/producto-bruto-interno-variaciones-porcentuales,Trimestral
PN02500AQ,Pesca,T1-1981,T1-2025,18-07-2025,Producto bruto interno (variación porcentual interanual),https://estadisticas.bcrp.gob.pe/estadisticas/series/trimestrales/producto-bruto-interno-variaciones-porcentuales,Trimestral
PN02501AQ,Minería e Hidrocarburos,T1-1981,T1-2025,18-07-2025,Producto bruto interno (variación porcentual interanual),https://estadisticas.bcrp.gob.pe/estadisticas/series/trimestrales/producto-bruto-interno-variaciones-porcentuales,Trimestral
PN02502AQ,Manufactura,T1-1981,T1-2025,18-07-2025,Producto bruto interno (variación porcentual interanual),https://estadisticas.bcrp.gob.pe/estadisticas/series/trimestrales/producto-bruto-interno-variaciones-porcentuales,Trimestral
PN02503AQ,Electricidad y Agua,T1-1981,T1-2025,18-07-2025,Producto bruto interno (variación porcentual interanual),https://estadisticas.bcrp.gob.pe/estadisticas/series/trimestrales/producto-bruto-interno-variaciones-porcentuales,Trimestral
PN02504AQ,Construcción,T1-1981,T1-2025,18-07-2025,Producto bruto interno (variación porcentual interanual),https://estadisticas.bcrp.gob.pe/estadisticas/series/trimestrales/producto-bruto-interno-variaciones-porcentuales,Trimestral
PN02505AQ,Comercio,T1-1981,T1-2025,18-07-2025,Producto bruto interno (variación porcentual interanual),https://estadisticas.bcrp.gob.pe/estadisticas/series/trimestrales/producto-bruto-interno-variaciones-porcentuales,Trimestral
PN02506AQ,Servicios,T1-1981,T1-2025,18-07-2025,Producto bruto interno (variación porcentual interanual),https://estadisticas.bcrp.gob.pe/estadisticas/series/trimestrales/producto-bruto-interno-variaciones-porcentuales,Trimestral
PN02507AQ,PBI Global,T1-1980,T1-2025,18-07-2025,Producto bruto interno (variación porcentual interanual),https://estadisticas.bcrp.gob.pe/estadisticas/series/trimestrales/producto-bruto-interno-variaciones-porcentuales,Trimestral
PN37680AQ,Sectores primarios,T1-1995,T1-2025,18-07-2025,Producto bruto interno (variación porcentual interanual),https://estadisticas.bcrp.gob.pe/estadisticas/series/trimestrales/producto-bruto-interno-variaciones-porcentuales,Trimestral
PN37681AQ,Sectores no primarios,T1-1995,T1-2025,18-07-2025,Producto bruto interno (variación porcentual interanual),https://estadisticas.bcrp.gob.pe/estadisticas/series/trimestrales/producto-bruto-interno-variaciones-porcentuales,Trimestral
PN02508AQ,Agropecuario,T1-1980,T1-2025,18-07-2025,Producto bruto interno (índice 2007 = 100),https://estadisticas.bcrp.gob.pe/estadisticas/series/trimestrales/producto-bruto-interno-indice-2007-100,Trimestral
PN02509AQ,Pesca,T1-1980,T1-2025,18-07-2025,Producto bruto interno (índice 2007 = 100),https://estadisticas.bcrp.gob.pe/estadisticas/series/trimestrales/producto-bruto-interno-indice-2007-100,Trimestral
PN02510AQ,Minería e Hidrocarburos,T1-1980,T1-2025,18-07-2025,Producto bruto interno (índice 2007 = 100),https://estadisticas.bcrp.gob.pe/estadisticas/series/trimestrales/producto-bruto-interno-indice-2007-100,Trimestral
PN02511AQ,Manufactura,T1-1980,T1-2025,18-07-2025,Producto bruto interno (índice 2007 = 100),https://estadisticas.bcrp.gob.pe/estadisticas/series/trimestrales/producto-bruto-interno-indice-2007-100,Trimestral
PN02512AQ,Electricidad y Agua,T1-1980,T1-2025,18-07-2025,Producto bruto interno (índice 2007 = 100),https://estadisticas.bcrp.gob.pe/estadisticas/series/trimestrales/producto-bruto-interno-indice-2007-100,Trimestral
PN02513AQ,Construcción,T1-1980,T1-2025,18-07-2025,Producto bruto interno (índice 2007 = 100),https://estadisticas.bcrp.gob.pe/estadisticas/series/trimestrales/producto-bruto-interno-indice-2007-100,Trimestral
PN02514AQ,Comercio,T1-1980,T1-2025,18-07-2025,Producto bruto interno (índice 2007 = 100),https://estadisticas.bcrp.gob.pe/estadisticas/series/trimestrales/producto-bruto-interno-indice-2007-100,Trimestral
PN02515AQ,Servicios,T1-1980,T1-2025,18-07-2025,Producto bruto interno (índice 2007 = 100),https://estadisticas.bcrp.gob.pe/estadisticas/series/trimestrales/producto-bruto-interno-indice-2007-100,Trimestral
PN02516AQ,PBI Global,T1-1980,T1-2025,18-07-2025,Producto bruto interno (índice 2007 = 100),https://estadisticas.bcrp.gob.pe/estadisticas/series/trimestrales/producto-bruto-interno-indice-2007-100,Trimestral
PN37682AQ,Sectores primarios,T1-1994,T1-2025,18-07-2025,Producto bruto interno (índice 2007 = 100),https://estadisticas.bcrp.gob.pe/estadisticas/series/trimestrales/producto-bruto-interno-indice-2007-100,Trimestral
PN37683AQ,Sectores no primarios,T1-1994,T1-2025,18-07-2025,Producto bruto interno (índice 2007 = 100),https://estadisticas.bcrp.gob.pe/estadisticas/series/trimestrales/producto-bruto-interno-indice-2007-100,Trimestral
PN37684AQ,Agropecuario,T1-1980,T1-2025,18-07-2025,Producto bruto interno (millones S/ de 2007),https://estadisticas.bcrp.gob.pe/estadisticas/series/trimestrales/pbi-millones-de-soles-constantes-de-2007,Trimestral
PN37685AQ,Pesca,T1-1980,T1-2025,18-07-2025,Producto bruto interno (millones S/ de 2007),https://estadisticas.bcrp.gob.pe/estadisticas/series/trimestrales/pbi-millones-de-soles-constantes-de-2007,Trimestral
PN37686AQ,Minería e Hidrocarburos,T1-1980,T1-2025,18-07-2025,Producto bruto interno (millones S/ de 2007),https://estadisticas.bcrp.gob.pe/estadisticas/series/trimestrales/pbi-millones-de-soles-constantes-de-2007,Trimestral
PN37687AQ,Manufactura,T1-1980,T1-2025,18-07-2025,Producto bruto interno (millones S/ de 2007),https://estadisticas.bcrp.gob.pe/estadisticas/series/trimestrales/pbi-millones-de-soles-constantes-de-2007,Trimestral
PN37688AQ,Electricidad y Agua,T1-1980,T1-2025,18-07-2025,Producto bruto interno (millones S/ de 2007),https://estadisticas.bcrp.gob.pe/estadisticas/series/trimestrales/pbi-millones-de-soles-constantes-de-2007,Trimestral
PN37689AQ,Construcción,T1-1980,T1-2025,18-07-2025,Producto bruto interno (millones S/ de 2007),https://estadisticas.bcrp.gob.pe/estadisticas/series/trimestrales/pbi-millones-de-soles-constantes-de-2007,Trimestral
PN37690AQ,Comercio,T1-1980,T1-2025,18-07-2025,Producto bruto interno (millones S/ de 2007),https://estadisticas.bcrp.gob.pe/estadisticas/series/trimestrales/pbi-millones-de-soles-constantes-de-2007,Trimestral
PN37691AQ,Servicios,T1-1980,T1-2025,18-07-2025,Producto bruto interno (millones S/ de 2007),https://estadisticas.bcrp.gob.pe/estadisticas/series/trimestrales/pbi-millones-de-soles-constantes-de-2007,Trimestral
PN37692AQ,PBI Global,T1-1979,T1-2025,18-07-2025,Producto bruto interno (millones S/ de 2007),https://estadisticas.bcrp.gob.pe/estadisticas/series/trimestrales/pbi-millones-de-soles-constantes-de-2007,Trimestral
PN37693AQ,Sectores primarios,T1-1994,T1-2025,18-07-2025,Producto bruto interno (millones S/ de 2007),https://estadisticas.bcrp.gob.pe/estadisticas/series/trimestrales/pbi-millones-de-soles-constantes-de-2007,Trimestral
PN37694AQ,Sectores no primarios,T1-1994,T1-2025,18-07-2025,Producto bruto interno (millones S/ de 2007),https://estadisticas.bcrp.gob.pe/estadisticas/series/trimestrales/pbi-millones-de-soles-constantes-de-2007,Trimestral
PM04986AA,Agropecuario,1922,2024,18-07-2025,Producto bruto interno por sectores productivos (millones S/ de 2007),https://estadisticas.bcrp.gob.pe/estadisticas/series/anuales/producto-bruto-interno-por-sectores-productivos-mill-soles-del-2007,Anual
PM04987AA,Agropecuario - Agrícola,1994,2024,18-07-2025,Producto bruto interno por sectores productivos (millones S/ de 2007),https://estadisticas.bcrp.gob.pe/estadisticas/series/anuales/producto-bruto-interno-por-sectores-productivos-mill-soles-del-2007,Anual
PM04988AA,Agropecuario - Pecuario,1994,2024,18-07-2025,Producto bruto interno por sectores productivos (millones S/ de 2007),https://estadisticas.bcrp.gob.pe/estadisticas/series/anuales/producto-bruto-interno-por-sectores-productivos-mill-soles-del-2007,Anual
PM04989AA,Pesca,1929,2024,18-07-2025,Producto bruto interno por sectores productivos (millones S/ de 2007),https://estadisticas.bcrp.gob.pe/estadisticas/series/anuales/producto-bruto-interno-por-sectores-productivos-mill-soles-del-2007,Anual
PM04990AA,Minería e Hidrocarburos,1922,2024,18-07-2025,Producto bruto interno por sectores productivos (millones S/ de 2007),https://estadisticas.bcrp.gob.pe/estadisticas/series/anuales/producto-bruto-interno-por-sectores-productivos-mill-soles-del-2007,Anual
PM04991AA,Minería e Hidrocarburos - Minería Metálica,1990,2024,18-07-2025,Producto bruto interno por sectores productivos (millones S/ de 2007),https://estadisticas.bcrp.gob.pe/estadisticas/series/anuales/producto-bruto-interno-por-sectores-productivos-mill-soles-del-2007,Anual
PM04992AA,Minería e Hidrocarburos - Hidrocarburos,1990,2024,18-07-2025,Producto bruto interno por sectores productivos (millones S/ de 2007),https://estadisticas.bcrp.gob.pe/estadisticas/series/anuales/producto-bruto-interno-por-sectores-productivos-mill-soles-del-2007,Anual
PM04993AA,Manufactura,1922,2024,18-07-2025,Producto bruto interno por sectores productivos (millones S/ de 2007),https://estadisticas.bcrp.gob.pe/estadisticas/series/anuales/producto-bruto-interno-por-sectores-productivos-mill-soles-del-2007,Anual
PM04994AA,Manufactura - Procesadores Recursos Primarios,1994,2024,18-07-2025,Producto bruto interno por sectores productivos (millones S/ de 2007),https://estadisticas.bcrp.gob.pe/estadisticas/series/anuales/producto-bruto-interno-por-sectores-productivos-mill-soles-del-2007,Anual
PM04995AA,Manufactura - Manufactura no Primaria,1994,2024,18-07-2025,Producto bruto interno por sectores productivos (millones S/ de 2007),https://estadisticas.bcrp.gob.pe/estadisticas/series/anuales/producto-bruto-interno-por-sectores-productivos-mill-soles-del-2007,Anual
PM04996AA,Electricidad y Agua,1922,2024,18-07-2025,Producto bruto interno por sectores productivos (millones S/ de 2007),https://estadisticas.bcrp.gob.pe/estadisticas/series/anuales/producto-bruto-interno-por-sectores-productivos-mill-soles-del-2007,Anual
PM04997AA,Construcción,1922,2024,18-07-2025,Producto bruto interno por sectores productivos (millones S/ de 2007),https://estadisticas.bcrp.gob.pe/estadisticas/series/anuales/producto-bruto-interno-por-sectores-productivos-mill-soles-del-2007,Anual
PM04998AA,Comercio,1922,2024,18-07-2025,Producto bruto interno por sectores productivos (millones S/ de 2007),https://estadisticas.bcrp.gob.pe/estadisticas/series/anuales/producto-bruto-interno-por-sectores-productivos-mill-soles-del-2007,Anual
PM04999AA,Servicios,1922,2024,18-07-2025,Producto bruto interno por sectores productivos (millones S/ de 2007),https://estadisticas.bcrp.gob.pe/estadisticas/series/anuales/producto-bruto-interno-por-sectores-productivos-mill-soles-del-2007,Anual
PM05000AA,PBI,1922,2024,18-07-2025,Producto bruto interno por sectores productivos (millones S/ de 2007),https://estadisticas.bcrp.gob.pe/estadisticas/series/anuales/producto-bruto-interno-por-sectores-productivos-mill-soles-del-2007,Anual
PM05002AA,Sectores Primarios,1994,2024,18-07-2025,Producto bruto interno por sectores productivos (millones S/ de 2007),https://estadisticas.bcrp.gob.pe/estadisticas/series/anuales/producto-bruto-interno-por-sectores-productivos-mill-soles-del-2007,Anual
PM05003AA,Sectores no Primarios,1994,2024,18-07-2025,Producto bruto interno por sectores productivos (millones S/ de 2007),https://estadisticas.bcrp.gob.pe/estadisticas/series/anuales/producto-bruto-interno-por-sectores-productivos-mill-soles-del-2007,Anual
PM04968AA,Agropecuario,1922,2024,18-07-2025,Producto bruto interno por sectores productivos (variación porcentual interanual),https://estadisticas.bcrp.gob.pe/estadisticas/series/anuales/producto-bruto-interno-por-sectores-productivos-variaciones-porcentuales-reales,Anual
PM04969AA,Agropecuario - Agrícola,1995,2024,18-07-2025,Producto bruto interno por sectores productivos (variación porcentual interanual),https://estadisticas.bcrp.gob.pe/estadisticas/series/anuales/producto-bruto-interno-por-sectores-productivos-variaciones-porcentuales-reales,Anual
PM04970AA,Agropecuario - Pecuario,1995,2024,18-07-2025,Producto bruto interno por sectores productivos (variación porcentual interanual),https://estadisticas.bcrp.gob.pe/estadisticas/series/anuales/producto-bruto-interno-por-sectores-productivos-variaciones-porcentuales-reales,Anual
PM04971AA,Pesca,1930,2024,18-07-2025,Producto bruto interno por sectores productivos (variación porcentual interanual),https://estadisticas.bcrp.gob.pe/estadisticas/series/anuales/producto-bruto-interno-por-sectores-productivos-variaciones-porcentuales-reales,Anual
PM04972AA,Minería e Hidrocarburos,1922,2024,18-07-2025,Producto bruto interno por sectores productivos (variación porcentual interanual),https://estadisticas.bcrp.gob.pe/estadisticas/series/anuales/producto-bruto-interno-por-sectores-productivos-variaciones-porcentuales-reales,Anual
PM04973AA,Minería e Hidrocarburos - Minería Metálica,1994,2024,18-07-2025,Producto bruto interno por sectores productivos (variación porcentual interanual),https://estadisticas.bcrp.gob.pe/estadisticas/series/anuales/producto-bruto-interno-por-sectores-productivos-variaciones-porcentuales-reales,Anual
PM04974AA,Minería e Hidrocarburos - Hidrocarburos,1994,2024,18-07-2025,Producto bruto interno por sectores productivos (variación porcentual interanual),https://estadisticas.bcrp.gob.pe/estadisticas/series/anuales/producto-bruto-interno-por-sectores-productivos-variaciones-porcentuales-reales,Anual
PM04975AA,Manufactura,1922,2024,18-07-2025,Producto bruto interno por sectores productivos (variación porcentual interanual),https://estadisticas.bcrp.gob.pe/estadisticas/series/anuales/producto-bruto-interno-por-sectores-productivos-variaciones-porcentuales-reales,Anual
PM04976AA,Manufactura - Procesadores Recursos Primarios,1995,2024,18-07-2025,Producto bruto interno por sectores productivos (variación porcentual interanual),https://estadisticas.bcrp.gob.pe/estadisticas/series/anuales/producto-bruto-interno-por-sectores-productivos-variaciones-porcentuales-reales,Anual
PM04977AA,Manufactura - Manufactura no Primaria,1995,2024,18-07-2025,Producto bruto interno por sectores productivos (variación porcentual interanual),https://estadisticas.bcrp.gob.pe/estadisticas/series/anuales/producto-bruto-interno-por-sectores-productivos-variaciones-porcentuales-reales,Anual
PM04978AA,Electricidad y Agua,1922,2024,18-07-2025,Producto bruto interno por sectores productivos (variación porcentual interanual),https://estadisticas.bcrp.gob.pe/estadisticas/series/anuales/producto-bruto-interno-por-sectores-productivos-variaciones-porcentuales-reales,Anual
PM04979AA,Construcción,1922,2024,18-07-2025,Producto bruto interno por sectores productivos (variación porcentual interanual),https://estadisticas.bcrp.gob.pe/estadisticas/series/anuales/producto-bruto-interno-por-sectores-productivos-variaciones-porcentuales-reales,Anual
PM04980AA,Comercio,1922,2024,18-07-2025,Producto bruto interno por sectores productivos (variación porcentual interanual),https://estadisticas.bcrp.gob.pe/estadisticas/series/anuales/producto-bruto-interno-por-sectores-productivos-variaciones-porcentuales-reales,Anual
PM04981AA,Otros Servicios,1922,2024,18-07-2025,Producto bruto interno por sectores productivos (variación porcentual interanual),https://estadisticas.bcrp.gob.pe/estadisticas/series/anuales/producto-bruto-interno-por-sectores-productivos-variaciones-porcentuales-reales,Anual
PM04983AA,PBI,1922,2024,18-07-2025,Producto bruto interno por sectores productivos (variación porcentual interanual),https://estadisticas.bcrp.gob.pe/estadisticas/series/anuales/producto-bruto-interno-por-sectores-productivos-variaciones-porcentuales-reales,Anual
PM04984AA,Sectores Primarios,1995,2024,18-07-2025,Producto bruto interno por sectores productivos (variación porcentual interanual),https://estadisticas.bcrp.gob.pe/estadisticas/series/anuales/producto-bruto-interno-por-sectores-productivos-variaciones-porcentuales-reales,Anual
PM04985AA,Sectores no Primarios,1995,2024,18-07-2025,Producto bruto interno por sectores productivos (variación porcentual interanual),https://estadisticas.bcrp.gob.pe/estadisticas/series/anuales/producto-bruto-interno-por-sectores-productivos-variaciones-porcentuales-reales,Anual
PM04925AA,Demanda Interna,1922,2024,18-07-2025,Producto bruto interno por tipo de gasto (millones S/ 2007),https://estadisticas.bcrp.gob.pe/estadisticas/series/anuales/producto-bruto-interno-por-tipo-de-gasto-mill-soles-del-2007-a,Anual
PM04926AA,Demanda Interna - Consumo Privado,1922,2024,18-07-2025,Producto bruto interno por tipo de gasto (millones S/ 2007),https://estadisticas.bcrp.gob.pe/estadisticas/series/anuales/producto-bruto-interno-por-tipo-de-gasto-mill-soles-del-2007-a,Anual
PM04927AA,Demanda Interna - Consumo Público,1922,2024,18-07-2025,Producto bruto interno por tipo de gasto (millones S/ 2007),https://estadisticas.bcrp.gob.pe/estadisticas/series/anuales/producto-bruto-interno-por-tipo-de-gasto-mill-soles-del-2007-a,Anual
PM04928AA,Demanda Interna - Inversión Bruta Interna,1922,2024,18-07-2025,Producto bruto interno por tipo de gasto (millones S/ 2007),https://estadisticas.bcrp.gob.pe/estadisticas/series/anuales/producto-bruto-interno-por-tipo-de-gasto-mill-soles-del-2007-a,Anual
PM04929AA,Demanda Interna - Inversión Bruta Interna - Inversión Bruta Fija,1922,2024,18-07-2025,Producto bruto interno por tipo de gasto (millones S/ 2007),https://estadisticas.bcrp.gob.pe/estadisticas/series/anuales/producto-bruto-interno-por-tipo-de-gasto-mill-soles-del-2007-a,Anual
PM04930AA,Demanda Interna - Inversión Bruta Interna - Inversión Bruta Fija - Privada,1950,2024,18-07-2025,Producto bruto interno por tipo de gasto (millones S/ 2007),https://estadisticas.bcrp.gob.pe/estadisticas/series/anuales/producto-bruto-interno-por-tipo-de-gasto-mill-soles-del-2007-a,Anual
PM04931AA,Demanda Interna - Inversión Bruta Interna - Inversión Bruta Fija - Pública,1950,2024,18-07-2025,Producto bruto interno por tipo de gasto (millones S/ 2007),https://estadisticas.bcrp.gob.pe/estadisticas/series/anuales/producto-bruto-interno-por-tipo-de-gasto-mill-soles-del-2007-a,Anual
PM04932AA,Demanda Interna - Inversión Bruta Interna - Inversión Bruta Fija - Variación de inventarios,1950,2024,18-07-2025,Producto bruto interno por tipo de gasto (millones S/ 2007),https://estadisticas.bcrp.gob.pe/estadisticas/series/anuales/producto-bruto-interno-por-tipo-de-gasto-mill-soles-del-2007-a,Anual
PM04933AA,Exportaciones,1922,2024,18-07-2025,Producto bruto interno por tipo de gasto (millones S/ 2007),https://estadisticas.bcrp.gob.pe/estadisticas/series/anuales/producto-bruto-interno-por-tipo-de-gasto-mill-soles-del-2007-a,Anual
PM04934AA,Importaciones,1922,2024,18-07-2025,Producto bruto interno por tipo de gasto (millones S/ 2007),https://estadisticas.bcrp.gob.pe/estadisticas/series/anuales/producto-bruto-interno-por-tipo-de-gasto-mill-soles-del-2007-a,Anual
PM04935AA,PBI,1922,2024,18-07-2025,Producto bruto interno por tipo de gasto (millones S/ 2007),https://estadisticas.bcrp.gob.pe/estadisticas/series/anuales/producto-bruto-interno-por-tipo-de-gasto-mill-soles-del-2007-a,Anual
PM04914AA,Demanda Interna,1922,2024,18-07-2025,Producto bruto interno por tipo de gasto (variaciones porcentuales reales),https://estadisticas.bcrp.gob.pe/estadisticas/series/anuales/producto-bruto-interno-por-tipo-de-gasto-variaciones-porcentuales-reales,Anual
PM04915AA,Demanda Interna - Consumo Privado,1922,2024,18-07-2025,Producto bruto interno por tipo de gasto (variaciones porcentuales reales),https://estadisticas.bcrp.gob.pe/estadisticas/series/anuales/producto-bruto-interno-por-tipo-de-gasto-variaciones-porcentuales-reales,Anual
PM04916AA,Demanda Interna - Consumo Público,1922,2024,18-07-2025,Producto bruto interno por tipo de gasto (variaciones porcentuales reales),https://estadisticas.bcrp.gob.pe/estadisticas/series/anuales/producto-bruto-interno-por-tipo-de-gasto-variaciones-porcentuales-reales,Anual
PM04917AA,Demanda Interna - Inversión Bruta Interna,1922,2024,18-07-2025,Producto bruto interno por tipo de gasto (variaciones porcentuales reales),https://estadisticas.bcrp.gob.pe/estadisticas/series/anuales/producto-bruto-interno-por-tipo-de-gasto-variaciones-porcentuales-reales,Anual
PM04918AA,Demanda Interna - Inversión Bruta Interna - Inversión Bruta Fija,1922,2024,18-07-2025,Producto bruto interno por tipo de gasto (variaciones porcentuales reales),https://estadisticas.bcrp.gob.pe/estadisticas/series/anuales/producto-bruto-interno-por-tipo-de-gasto-variaciones-porcentuales-reales,Anual
PM04919AA,Demanda Interna - Inversión Bruta Interna - Inversión Bruta Fija - Privada,1951,2024,18-07-2025,Producto bruto interno por tipo de gasto (variaciones porcentuales reales),https://estadisticas.bcrp.gob.pe/estadisticas/series/anuales/producto-bruto-interno-por-tipo-de-gasto-variaciones-porcentuales-reales,Anual
PM04920AA,Demanda Interna - Inversión Bruta Interna - Inversión Bruta Fija - Pública,1951,2024,18-07-2025,Producto bruto interno por tipo de gasto (variaciones porcentuales reales),https://estadisticas.bcrp.gob.pe/estadisticas/series/anuales/producto-bruto-interno-por-tipo-de-gasto-variaciones-porcentuales-reales,Anual
PM04921AA,Exportaciones,1922,2024,18-07-2025,Producto bruto interno por tipo de gasto (variaciones porcentuales reales),https://estadisticas.bcrp.gob.pe/estadisticas/series/anuales/producto-bruto-interno-por-tipo-de-gasto-variaciones-porcentuales-reales,Anual
PM04922AA,Importaciones,1922,2024,18-07-2025,Producto bruto interno por tipo de gasto (variaciones porcentuales reales),https://estadisticas.bcrp.gob.pe/estadisticas/series/anuales/producto-bruto-interno-por-tipo-de-gasto-variaciones-porcentuales-reales,Anual
PM04923AA,PBI,1922,2024,18-07-2025,Producto bruto interno por tipo de gasto (variaciones porcentuales reales),https://estadisticas.bcrp.gob.pe/estadisticas/series/anuales/producto-bruto-interno-por-tipo-de-gasto-variaciones-porcentuales-reales,Anual
PM04924AA,Demanda Interna sin Inventarios,1951,2024,18-07-2025,Producto bruto interno por tipo de gasto (variaciones porcentuales reales),https://estadisticas.bcrp.gob.pe/estadisticas/series/anuales/producto-bruto-interno-por-tipo-de-gasto-variaciones-porcentuales-reales,Anual
PM40027BA,Exportaciones,1950,2024,06-06-2025,Balanza Comercial (valores FOB millones US$),https://estadisticas.bcrp.gob.pe/estadisticas/series/anuales/balanza-comercial-mill-usd-a-bpm6,Anual
PM40028BA,Exportaciones - Productos Tradicionales,2012,2024,22-05-2025,Balanza Comercial (valores FOB millones US$),https://estadisticas.bcrp.gob.pe/estadisticas/series/anuales/balanza-comercial-mill-usd-a-bpm6,Anual
PM40029BA,Exportaciones - Productos No Tradicionales,2012,2024,22-05-2025,Balanza Comercial (valores FOB millones US$),https://estadisticas.bcrp.gob.pe/estadisticas/series/anuales/balanza-comercial-mill-usd-a-bpm6,Anual
PM40030BA,Exportaciones - Otros,2012,2024,22-05-2025,Balanza Comercial (valores FOB millones US$),https://estadisticas.bcrp.gob.pe/estadisticas/series/anuales/balanza-comercial-mill-usd-a-bpm6,Anual
PM40031BA,Importaciones,1950,2024,06-06-2025,Balanza Comercial (valores FOB millones US$),https://estadisticas.bcrp.gob.pe/estadisticas/series/anuales/balanza-comercial-mill-usd-a-bpm6,Anual
PM40032BA,Importaciones - Bienes de Consumo,2012,2024,22-05-2025,Balanza Comercial (valores FOB millones US$),https://estadisticas.bcrp.gob.pe/estadisticas/series/anuales/balanza-comercial-mill-usd-a-bpm6,Anual
PM40033BA,Importaciones - Insumos,2012,2024,22-05-2025,Balanza Comercial (valores FOB millones US$),https://estadisticas.bcrp.gob.pe/estadisticas/series/anuales/balanza-comercial-mill-usd-a-bpm6,Anual
PM40034BA,Importaciones - Bienes de Capital,2012,2024,22-05-2025,Balanza Comercial (valores FOB millones US$),https://estadisticas.bcrp.gob.pe/estadisticas/series/anuales/balanza-comercial-mill-usd-a-bpm6,Anual
PM40035BA,Importaciones - Otros Bienes,2012,2024,22-05-2025,Balanza Comercial (valores FOB millones US$),https://estadisticas.bcrp.gob.pe/estadisticas/series/anuales/balanza-comercial-mill-usd-a-bpm6,Anual
PM40036BA,Balanza  Comercial,2012,2024,22-05-2025,Balanza Comercial (valores FOB millones US$),https://estadisticas.bcrp.gob.pe/estadisticas/series/anuales/balanza-comercial-mill-usd-a-bpm6,Anual
PM40056BA,Productos No Tradicionales - Sidero Metalúrgicos y Joyería,2012,2024,22-05-2025,Exportaciones por Grupo de Productos (valores FOB millones US$),https://estadisticas.bcrp.gob.pe/estadisticas/series/anuales/exportaciones-por-grupo-de-productos-mill-de-usd-a-bpm6,Anual
PM40068BA,Total Exportaciones - Total,2012,2024,22-05-2025,Exportaciones por Grupo de Productos (valores FOB millones US$),https://estadisticas.bcrp.gob.pe/estadisticas/series/anuales/exportaciones-por-grupo-de-productos-mill-de-usd-a-bpm6,Anual
PM40067BA,Total Exportaciones - Otros,2012,2024,22-05-2025,Exportaciones por Grupo de Productos (valores FOB millones US$),https://estadisticas.bcrp.gob.pe/estadisticas/series/anuales/exportaciones-por-grupo-de-productos-mill-de-usd-a-bpm6,Anual
PM40066BA,Total Exportaciones - No Tradicionales,2012,2024,22-05-2025,Exportaciones por Grupo de Productos (valores FOB millones US$),https://estadisticas.bcrp.gob.pe/estadisticas/series/anuales/exportaciones-por-grupo-de-productos-mill-de-usd-a-bpm6,Anual
PM40065BA,Total Exportaciones - Tradicionales,2012,2024,22-05-2025,Exportaciones por Grupo de Productos (valores FOB millones US$),https://estadisticas.bcrp.gob.pe/estadisticas/series/anuales/exportaciones-por-grupo-de-productos-mill-de-usd-a-bpm6,Anual
PM40064BA,Total Exportaciones - Petróleo y Gas Natural,2012,2024,22-05-2025,Exportaciones por Grupo de Productos (valores FOB millones US$),https://estadisticas.bcrp.gob.pe/estadisticas/series/anuales/exportaciones-por-grupo-de-productos-mill-de-usd-a-bpm6,Anual
PM40063BA,Total Exportaciones - Mineros,2012,2024,22-05-2025,Exportaciones por Grupo de Productos (valores FOB millones US$),https://estadisticas.bcrp.gob.pe/estadisticas/series/anuales/exportaciones-por-grupo-de-productos-mill-de-usd-a-bpm6,Anual
PM40062BA,Total Exportaciones - Agrícolas,2012,2024,22-05-2025,Exportaciones por Grupo de Productos (valores FOB millones US$),https://estadisticas.bcrp.gob.pe/estadisticas/series/anuales/exportaciones-por-grupo-de-productos-mill-de-usd-a-bpm6,Anual
PM40061BA,Total Exportaciones - Pesqueros,2012,2024,22-05-2025,Exportaciones por Grupo de Productos (valores FOB millones US$),https://estadisticas.bcrp.gob.pe/estadisticas/series/anuales/exportaciones-por-grupo-de-productos-mill-de-usd-a-bpm6,Anual
PM40060BA,Total Exportaciones,2012,2024,22-05-2025,Exportaciones por Grupo de Productos (valores FOB millones US$),https://estadisticas.bcrp.gob.pe/estadisticas/series/anuales/exportaciones-por-grupo-de-productos-mill-de-usd-a-bpm6,Anual
PM40059BA,Otros,2012,2024,22-05-2025,Exportaciones por Grupo de Productos (valores FOB millones US$),https://estadisticas.bcrp.gob.pe/estadisticas/series/anuales/exportaciones-por-grupo-de-productos-mill-de-usd-a-bpm6,Anual
PM40058BA,Productos No Tradicionales - Otros,2012,2024,22-05-2025,Exportaciones por Grupo de Productos (valores FOB millones US$),https://estadisticas.bcrp.gob.pe/estadisticas/series/anuales/exportaciones-por-grupo-de-productos-mill-de-usd-a-bpm6,Anual
PM40057BA,Productos No Tradicionales - Metal Mecánicos,2012,2024,22-05-2025,Exportaciones por Grupo de Productos (valores FOB millones US$),https://estadisticas.bcrp.gob.pe/estadisticas/series/anuales/exportaciones-por-grupo-de-productos-mill-de-usd-a-bpm6,Anual
PM40044BA,Productos Tradicionales,2012,2024,22-05-2025,Exportaciones por Grupo de Productos (valores FOB millones US$),https://estadisticas.bcrp.gob.pe/estadisticas/series/anuales/exportaciones-por-grupo-de-productos-mill-de-usd-a-bpm6,Anual
PM40055BA,Productos No Tradicionales - Minerales  No  Metálicos,2012,2024,22-05-2025,Exportaciones por Grupo de Productos (valores FOB millones US$),https://estadisticas.bcrp.gob.pe/estadisticas/series/anuales/exportaciones-por-grupo-de-productos-mill-de-usd-a-bpm6,Anual
PM40054BA,Productos No Tradicionales - Químicos,2012,2024,22-05-2025,Exportaciones por Grupo de Productos (valores FOB millones US$),https://estadisticas.bcrp.gob.pe/estadisticas/series/anuales/exportaciones-por-grupo-de-productos-mill-de-usd-a-bpm6,Anual
PM40053BA,Productos No Tradicionales - Maderas y Papeles y sus Manufacturas,2012,2024,22-05-2025,Exportaciones por Grupo de Productos (valores FOB millones US$),https://estadisticas.bcrp.gob.pe/estadisticas/series/anuales/exportaciones-por-grupo-de-productos-mill-de-usd-a-bpm6,Anual
PM40052BA,Productos No Tradicionales - Textiles,2012,2024,22-05-2025,Exportaciones por Grupo de Productos (valores FOB millones US$),https://estadisticas.bcrp.gob.pe/estadisticas/series/anuales/exportaciones-por-grupo-de-productos-mill-de-usd-a-bpm6,Anual
PM40051BA,Productos No Tradicionales - Pesqueros,2012,2024,22-05-2025,Exportaciones por Grupo de Productos (valores FOB millones US$),https://estadisticas.bcrp.gob.pe/estadisticas/series/anuales/exportaciones-por-grupo-de-productos-mill-de-usd-a-bpm6,Anual
PM40050BA,Productos No Tradicionales - Agropecuarios,2012,2024,22-05-2025,Exportaciones por Grupo de Productos (valores FOB millones US$),https://estadisticas.bcrp.gob.pe/estadisticas/series/anuales/exportaciones-por-grupo-de-productos-mill-de-usd-a-bpm6,Anual
PM40049BA,Productos No Tradicionales,2012,2024,22-05-2025,Exportaciones por Grupo de Productos (valores FOB millones US$),https://estadisticas.bcrp.gob.pe/estadisticas/series/anuales/exportaciones-por-grupo-de-productos-mill-de-usd-a-bpm6,Anual
PM40048BA,Productos Tradicionales - Petróleo y Gas Natural,2012,2024,22-05-2025,Exportaciones por Grupo de Productos (valores FOB millones US$),https://estadisticas.bcrp.gob.pe/estadisticas/series/anuales/exportaciones-por-grupo-de-productos-mill-de-usd-a-bpm6,Anual
PM40047BA,Productos Tradicionales - Mineros,2012,2024,22-05-2025,Exportaciones por Grupo de Productos (valores FOB millones US$),https://estadisticas.bcrp.gob.pe/estadisticas/series/anuales/exportaciones-por-grupo-de-productos-mill-de-usd-a-bpm6,Anual
PM40046BA,Productos Tradicionales - Agrícolas,2012,2024,22-05-2025,Exportaciones por Grupo de Productos (valores FOB millones US$),https://estadisticas.bcrp.gob.pe/estadisticas/series/anuales/exportaciones-por-grupo-de-productos-mill-de-usd-a-bpm6,Anual
PM40045BA,Productos Tradicionales - Pesqueros,2012,2024,22-05-2025,Exportaciones por Grupo de Productos (valores FOB millones US$),https://estadisticas.bcrp.gob.pe/estadisticas/series/anuales/exportaciones-por-grupo-de-productos-mill-de-usd-a-bpm6,Anual
PM40241BA,Otros Bienes,2012,2024,22-05-2025,Importaciones Según uso o destino económico - valores FOB (millones US$),https://estadisticas.bcrp.gob.pe/estadisticas/series/anuales/importaciones-segun-uso-o-destino-economico-a-bpm6,Anual
PM40252BA,Principales Alimentos - Carnes,2012,2024,22-05-2025,Importaciones Según uso o destino económico - valores FOB (millones US$),https://estadisticas.bcrp.gob.pe/estadisticas/series/anuales/importaciones-segun-uso-o-destino-economico-a-bpm6,Anual
PM40251BA,Principales Alimentos - Soya,2012,2024,22-05-2025,Importaciones Según uso o destino económico - valores FOB (millones US$),https://estadisticas.bcrp.gob.pe/estadisticas/series/anuales/importaciones-segun-uso-o-destino-economico-a-bpm6,Anual
PM40250BA,Principales Alimentos - Lácteos,2012,2024,22-05-2025,Importaciones Según uso o destino económico - valores FOB (millones US$),https://estadisticas.bcrp.gob.pe/estadisticas/series/anuales/importaciones-segun-uso-o-destino-economico-a-bpm6,Anual
PM40249BA,Principales Alimentos - Azúcar,2012,2024,22-05-2025,Importaciones Según uso o destino económico - valores FOB (millones US$),https://estadisticas.bcrp.gob.pe/estadisticas/series/anuales/importaciones-segun-uso-o-destino-economico-a-bpm6,Anual
PM40248BA,Principales Alimentos - Arroz,2012,2024,22-05-2025,Importaciones Según uso o destino económico - valores FOB (millones US$),https://estadisticas.bcrp.gob.pe/estadisticas/series/anuales/importaciones-segun-uso-o-destino-economico-a-bpm6,Anual
PM40247BA,Principales Alimentos - Maíz y/o sorgo,2012,2024,22-05-2025,Importaciones Según uso o destino económico - valores FOB (millones US$),https://estadisticas.bcrp.gob.pe/estadisticas/series/anuales/importaciones-segun-uso-o-destino-economico-a-bpm6,Anual
PM40246BA,Principales Alimentos - Trigo,2012,2024,22-05-2025,Importaciones Según uso o destino económico - valores FOB (millones US$),https://estadisticas.bcrp.gob.pe/estadisticas/series/anuales/importaciones-segun-uso-o-destino-economico-a-bpm6,Anual
PM40245BA,Principales Alimentos,2012,2024,22-05-2025,Importaciones Según uso o destino económico - valores FOB (millones US$),https://estadisticas.bcrp.gob.pe/estadisticas/series/anuales/importaciones-segun-uso-o-destino-economico-a-bpm6,Anual
PM40244BA,Total Importaciones - Zonas Francas,2012,2024,22-05-2025,Importaciones Según uso o destino económico - valores FOB (millones US$),https://estadisticas.bcrp.gob.pe/estadisticas/series/anuales/importaciones-segun-uso-o-destino-economico-a-bpm6,Anual
PM40243BA,Total Importaciones - Admisión Temporal,2012,2024,22-05-2025,Importaciones Según uso o destino económico - valores FOB (millones US$),https://estadisticas.bcrp.gob.pe/estadisticas/series/anuales/importaciones-segun-uso-o-destino-economico-a-bpm6,Anual
PM40242BA,Total Importaciones,2012,2024,22-05-2025,Importaciones Según uso o destino económico - valores FOB (millones US$),https://estadisticas.bcrp.gob.pe/estadisticas/series/anuales/importaciones-segun-uso-o-destino-economico-a-bpm6,Anual
PM40229BA,Bienes de Consumo,2012,2024,22-05-2025,Importaciones Según uso o destino económico - valores FOB (millones US$),https://estadisticas.bcrp.gob.pe/estadisticas/series/anuales/importaciones-segun-uso-o-destino-economico-a-bpm6,Anual
PM40240BA,Bienes de Capital - Equipos de Transporte,2012,2024,22-05-2025,Importaciones Según uso o destino económico - valores FOB (millones US$),https://estadisticas.bcrp.gob.pe/estadisticas/series/anuales/importaciones-segun-uso-o-destino-economico-a-bpm6,Anual
PM40239BA,Bienes de Capital - Para la Industria,2012,2024,22-05-2025,Importaciones Según uso o destino económico - valores FOB (millones US$),https://estadisticas.bcrp.gob.pe/estadisticas/series/anuales/importaciones-segun-uso-o-destino-economico-a-bpm6,Anual
PM40238BA,Bienes de Capital - Para la Agricultura,2012,2024,22-05-2025,Importaciones Según uso o destino económico - valores FOB (millones US$),https://estadisticas.bcrp.gob.pe/estadisticas/series/anuales/importaciones-segun-uso-o-destino-economico-a-bpm6,Anual
PM40237BA,Bienes de Capital - Materiales de Construcción,2012,2024,22-05-2025,Importaciones Según uso o destino económico - valores FOB (millones US$),https://estadisticas.bcrp.gob.pe/estadisticas/series/anuales/importaciones-segun-uso-o-destino-economico-a-bpm6,Anual
PM40236BA,Bienes de Capital,2012,2024,22-05-2025,Importaciones Según uso o destino económico - valores FOB (millones US$),https://estadisticas.bcrp.gob.pe/estadisticas/series/anuales/importaciones-segun-uso-o-destino-economico-a-bpm6,Anual
PM40235BA,Bienes de Consumo - Materias Primas para la Industria,2012,2024,22-05-2025,Importaciones Según uso o destino económico - valores FOB (millones US$),https://estadisticas.bcrp.gob.pe/estadisticas/series/anuales/importaciones-segun-uso-o-destino-economico-a-bpm6,Anual
PM40234BA,Bienes de Consumo - Materias Primas para la Agricultura,2012,2024,22-05-2025,Importaciones Según uso o destino económico - valores FOB (millones US$),https://estadisticas.bcrp.gob.pe/estadisticas/series/anuales/importaciones-segun-uso-o-destino-economico-a-bpm6,Anual
PM40233BA,Bienes de Consumo - Combustibles Lubricantes y Conexos,2012,2024,22-05-2025,Importaciones Según uso o destino económico - valores FOB (millones US$),https://estadisticas.bcrp.gob.pe/estadisticas/series/anuales/importaciones-segun-uso-o-destino-economico-a-bpm6,Anual
PM40232BA,Bienes de Consumo,2012,2024,22-05-2025,Importaciones Según uso o destino económico - valores FOB (millones US$),https://estadisticas.bcrp.gob.pe/estadisticas/series/anuales/importaciones-segun-uso-o-destino-economico-a-bpm6,Anual
PM40231BA,Bienes de Consumo - Duraderos,2012,2024,22-05-2025,Importaciones Según uso o destino económico - valores FOB (millones US$),https://estadisticas.bcrp.gob.pe/estadisticas/series/anuales/importaciones-segun-uso-o-destino-economico-a-bpm6,Anual
PM40230BA,Bienes de Consumo - No Duraderos,2012,2024,22-05-2025,Importaciones Según uso o destino económico - valores FOB (millones US$),https://estadisticas.bcrp.gob.pe/estadisticas/series/anuales/importaciones-segun-uso-o-destino-economico-a-bpm6,Anual
PM40306BA,Pasivos - Inversion Directa - Instrumentos de Deuda,2012,2024,22-05-2025,Cuenta Financiera del Sector Privado (millones US$),https://estadisticas.bcrp.gob.pe/estadisticas/series/anuales/cuenta-financiera-del-sector-privado-a-bpm6,Anual
PM40314BA,IDE en el País Metodología Antigua,2012,2024,22-05-2025,Cuenta Financiera del Sector Privado (millones US$),https://estadisticas.bcrp.gob.pe/estadisticas/series/anuales/cuenta-financiera-del-sector-privado-a-bpm6,Anual
PM40313BA,Total,2012,2024,22-05-2025,Cuenta Financiera del Sector Privado (millones US$),https://estadisticas.bcrp.gob.pe/estadisticas/series/anuales/cuenta-financiera-del-sector-privado-a-bpm6,Anual
PM40312BA,Pasivos - Préstamos - Amortización,2012,2024,22-05-2025,Cuenta Financiera del Sector Privado (millones US$),https://estadisticas.bcrp.gob.pe/estadisticas/series/anuales/cuenta-financiera-del-sector-privado-a-bpm6,Anual
PM40311BA,Pasivos - Préstamos - Desembolsos,2012,2024,22-05-2025,Cuenta Financiera del Sector Privado (millones US$),https://estadisticas.bcrp.gob.pe/estadisticas/series/anuales/cuenta-financiera-del-sector-privado-a-bpm6,Anual
PM40310BA,Pasivos - Préstamos,2012,2024,22-05-2025,Cuenta Financiera del Sector Privado (millones US$),https://estadisticas.bcrp.gob.pe/estadisticas/series/anuales/cuenta-financiera-del-sector-privado-a-bpm6,Anual
PM40309BA,Pasivos - Inversion de Cartera - Renta Fija,2012,2024,22-05-2025,Cuenta Financiera del Sector Privado (millones US$),https://estadisticas.bcrp.gob.pe/estadisticas/series/anuales/cuenta-financiera-del-sector-privado-a-bpm6,Anual
PM40308BA,Pasivos - Inversion de Cartera - Participaciones de Capital,2012,2024,22-05-2025,Cuenta Financiera del Sector Privado (millones US$),https://estadisticas.bcrp.gob.pe/estadisticas/series/anuales/cuenta-financiera-del-sector-privado-a-bpm6,Anual
PM40307BA,Pasivos - Inversion de Cartera,2012,2024,22-05-2025,Cuenta Financiera del Sector Privado (millones US$),https://estadisticas.bcrp.gob.pe/estadisticas/series/anuales/cuenta-financiera-del-sector-privado-a-bpm6,Anual
PM40298BA,Activos,2012,2024,22-05-2025,Cuenta Financiera del Sector Privado (millones US$),https://estadisticas.bcrp.gob.pe/estadisticas/series/anuales/cuenta-financiera-del-sector-privado-a-bpm6,Anual
PM40305BA,Pasivos - Inversion Directa - Patrimonio - Aportes y Otras Operaciones de Capital,2012,2024,22-05-2025,Cuenta Financiera del Sector Privado (millones US$),https://estadisticas.bcrp.gob.pe/estadisticas/series/anuales/cuenta-financiera-del-sector-privado-a-bpm6,Anual
PM40304BA,Pasivos - Inversion Directa - Patrimonio - Reinversión,2012,2024,22-05-2025,Cuenta Financiera del Sector Privado (millones US$),https://estadisticas.bcrp.gob.pe/estadisticas/series/anuales/cuenta-financiera-del-sector-privado-a-bpm6,Anual
PM40303BA,Pasivos - Inversion Directa - Patrimonio,2012,2024,22-05-2025,Cuenta Financiera del Sector Privado (millones US$),https://estadisticas.bcrp.gob.pe/estadisticas/series/anuales/cuenta-financiera-del-sector-privado-a-bpm6,Anual
PM40302BA,Pasivos - Inversion Directa,2012,2024,22-05-2025,Cuenta Financiera del Sector Privado (millones US$),https://estadisticas.bcrp.gob.pe/estadisticas/series/anuales/cuenta-financiera-del-sector-privado-a-bpm6,Anual
PM40301BA,Pasivos,2012,2024,22-05-2025,Cuenta Financiera del Sector Privado (millones US$),https://estadisticas.bcrp.gob.pe/estadisticas/series/anuales/cuenta-financiera-del-sector-privado-a-bpm6,Anual
PM40300BA,Activos - Inversión de Cartera,2012,2024,22-05-2025,Cuenta Financiera del Sector Privado (millones US$),https://estadisticas.bcrp.gob.pe/estadisticas/series/anuales/cuenta-financiera-del-sector-privado-a-bpm6,Anual
PM40299BA,Activos - Inversión Directa,2012,2024,22-05-2025,Cuenta Financiera del Sector Privado (millones US$),https://estadisticas.bcrp.gob.pe/estadisticas/series/anuales/cuenta-financiera-del-sector-privado-a-bpm6,Anual
PM40327BA,Pasivos - Inversión de Cartera - Otras Operaciones - Bonos del gobierno general adquiridos por no residentes,2012,2024,22-05-2025,Cuenta Financiera del Sector Público (millones US$),https://estadisticas.bcrp.gob.pe/estadisticas/series/anuales/cuenta-financiera-del-sector-publico-a-bpm6,Anual
PM40339BA,Total,2012,2024,22-05-2025,Cuenta Financiera del Sector Público (millones US$),https://estadisticas.bcrp.gob.pe/estadisticas/series/anuales/cuenta-financiera-del-sector-publico-a-bpm6,Anual
PM40338BA,Pasivos - BCRP Otras Operaciones,2012,2024,22-05-2025,Cuenta Financiera del Sector Público (millones US$),https://estadisticas.bcrp.gob.pe/estadisticas/series/anuales/cuenta-financiera-del-sector-publico-a-bpm6,Anual
PM40337BA,Pasivos - Préstamos - Amortizaciones - Empresas No Financieras,2012,2024,22-05-2025,Cuenta Financiera del Sector Público (millones US$),https://estadisticas.bcrp.gob.pe/estadisticas/series/anuales/cuenta-financiera-del-sector-publico-a-bpm6,Anual
PM40336BA,Pasivos - Préstamos - Amortizaciones - Empresas Financieras,2012,2024,22-05-2025,Cuenta Financiera del Sector Público (millones US$),https://estadisticas.bcrp.gob.pe/estadisticas/series/anuales/cuenta-financiera-del-sector-publico-a-bpm6,Anual
PM40335BA,Pasivos - Préstamos - Amortizaciones - Gobierno general,2012,2024,22-05-2025,Cuenta Financiera del Sector Público (millones US$),https://estadisticas.bcrp.gob.pe/estadisticas/series/anuales/cuenta-financiera-del-sector-publico-a-bpm6,Anual
PM40334BA,Pasivos - Préstamos - Amortizaciones,2012,2024,22-05-2025,Cuenta Financiera del Sector Público (millones US$),https://estadisticas.bcrp.gob.pe/estadisticas/series/anuales/cuenta-financiera-del-sector-publico-a-bpm6,Anual
PM40333BA,Pasivos - Préstamos - Desembolsos - Empresas No Financieras,2012,2024,22-05-2025,Cuenta Financiera del Sector Público (millones US$),https://estadisticas.bcrp.gob.pe/estadisticas/series/anuales/cuenta-financiera-del-sector-publico-a-bpm6,Anual
PM40332BA,Pasivos - Préstamos - Desembolsos - Empresas Financieras,2012,2024,22-05-2025,Cuenta Financiera del Sector Público (millones US$),https://estadisticas.bcrp.gob.pe/estadisticas/series/anuales/cuenta-financiera-del-sector-publico-a-bpm6,Anual
PM40331BA,Pasivos - Préstamos - Desembolsos - Gobierno General,2012,2024,22-05-2025,Cuenta Financiera del Sector Público (millones US$),https://estadisticas.bcrp.gob.pe/estadisticas/series/anuales/cuenta-financiera-del-sector-publico-a-bpm6,Anual
PM40330BA,Pasivos - Préstamos - Desembolsos,2012,2024,22-05-2025,Cuenta Financiera del Sector Público (millones US$),https://estadisticas.bcrp.gob.pe/estadisticas/series/anuales/cuenta-financiera-del-sector-publico-a-bpm6,Anual
PM40329BA,Pasivos - Préstamos,2012,2024,22-05-2025,Cuenta Financiera del Sector Público (millones US$),https://estadisticas.bcrp.gob.pe/estadisticas/series/anuales/cuenta-financiera-del-sector-publico-a-bpm6,Anual
PM40328BA,Pasivos - Inversión de Cartera - Otras Operaciones - Bonos Globales Adquiridos por Residentes,2012,2024,22-05-2025,Cuenta Financiera del Sector Público (millones US$),https://estadisticas.bcrp.gob.pe/estadisticas/series/anuales/cuenta-financiera-del-sector-publico-a-bpm6,Anual
PM40315BA,Activos,2012,2024,22-05-2025,Cuenta Financiera del Sector Público (millones US$),https://estadisticas.bcrp.gob.pe/estadisticas/series/anuales/cuenta-financiera-del-sector-publico-a-bpm6,Anual
PM40326BA,Pasivos - Inversión de Cartera - Otras Operaciones,2012,2024,22-05-2025,Cuenta Financiera del Sector Público (millones US$),https://estadisticas.bcrp.gob.pe/estadisticas/series/anuales/cuenta-financiera-del-sector-publico-a-bpm6,Anual
PM40325BA,Pasivos - Inversión de Cartera - Amortizaciones - Empresas No Financieras,2012,2024,22-05-2025,Cuenta Financiera del Sector Público (millones US$),https://estadisticas.bcrp.gob.pe/estadisticas/series/anuales/cuenta-financiera-del-sector-publico-a-bpm6,Anual
PM40324BA,Pasivos - Inversión de Cartera - Amortizaciones - Empresas Financieras,2012,2024,22-05-2025,Cuenta Financiera del Sector Público (millones US$),https://estadisticas.bcrp.gob.pe/estadisticas/series/anuales/cuenta-financiera-del-sector-publico-a-bpm6,Anual
PM40323BA,Pasivos - Inversión de Cartera - Amortizaciones - Gobierno General,2012,2024,22-05-2025,Cuenta Financiera del Sector Público (millones US$),https://estadisticas.bcrp.gob.pe/estadisticas/series/anuales/cuenta-financiera-del-sector-publico-a-bpm6,Anual
PM40322BA,Pasivos - Inversión de Cartera - Amortizaciones,2012,2024,22-05-2025,Cuenta Financiera del Sector Público (millones US$),https://estadisticas.bcrp.gob.pe/estadisticas/series/anuales/cuenta-financiera-del-sector-publico-a-bpm6,Anual
PM40321BA,Pasivos - Inversión de Cartera - Emisiones - Empresas No Financieras,2012,2024,22-05-2025,Cuenta Financiera del Sector Público (millones US$),https://estadisticas.bcrp.gob.pe/estadisticas/series/anuales/cuenta-financiera-del-sector-publico-a-bpm6,Anual
PM40320BA,Pasivos - Inversión de Cartera - Emisiones - Empresas Financieras,2012,2024,22-05-2025,Cuenta Financiera del Sector Público (millones US$),https://estadisticas.bcrp.gob.pe/estadisticas/series/anuales/cuenta-financiera-del-sector-publico-a-bpm6,Anual
PM40319BA,Pasivos - Inversión de Cartera - Emisiones - Gobierno General,2012,2024,22-05-2025,Cuenta Financiera del Sector Público (millones US$),https://estadisticas.bcrp.gob.pe/estadisticas/series/anuales/cuenta-financiera-del-sector-publico-a-bpm6,Anual
PM40318BA,Pasivos - Inversión de Cartera - Emisiones,2012,2024,22-05-2025,Cuenta Financiera del Sector Público (millones US$),https://estadisticas.bcrp.gob.pe/estadisticas/series/anuales/cuenta-financiera-del-sector-publico-a-bpm6,Anual
PM40317BA,Pasivos - Inversión de Cartera,2012,2024,22-05-2025,Cuenta Financiera del Sector Público (millones US$),https://estadisticas.bcrp.gob.pe/estadisticas/series/anuales/cuenta-financiera-del-sector-publico-a-bpm6,Anual
PM40316BA,Pasivos,2012,2024,22-05-2025,Cuenta Financiera del Sector Público (millones US$),https://estadisticas.bcrp.gob.pe/estadisticas/series/anuales/cuenta-financiera-del-sector-publico-a-bpm6,Anual
